datetime,open,high,low,close,volume,symbol,company_name
2025-01-31,655.44,671.059998,649.76001,652.17999,611300,AXON,Axon Enterprise
2025-01-30,646.5,657.0,643.54999,653.42999,536700,AXON,Axon Enterprise
2025-01-29,640.0,644.85999,632.14001,639.96997,422400,AXON,Axon Enterprise
2025-01-28,606.58002,639.34003,604.37,637.53003,548200,AXON,Axon Enterprise
2025-01-27,597.78998,608.01001,587.14001,604.67999,458300,AXON,Axon Enterprise
2025-01-24,613.96997,615.5,605.20001,610.32001,309800,AXON,Axon Enterprise
2025-01-23,609.59003,614.59998,602.81,613.38,368600,AXON,Axon Enterprise
2025-01-22,607.97998,612.14001,602.71002,607.59998,362100,AXON,Axon Enterprise
2025-01-21,603.12,609.5,592.59003,605.58002,531100,AXON,Axon Enterprise
2025-01-17,595.84003,603.0,591.19,593.89001,533600,AXON,Axon Enterprise
2025-01-16,585.0,592.21997,581.79999,585.84003,466000,AXON,Axon Enterprise
2025-01-15,589.40002,594.84003,577.53003,580.0,702100,AXON,Axon Enterprise
2025-01-14,571.90002,584.22998,569.95001,579.79999,509000,AXON,Axon Enterprise
2025-01-13,561.40002,569.33002,556.67999,568.67999,422400,AXON,Axon Enterprise
2025-01-10,572.0,574.83002,562.71002,570.0,482800,AXON,Axon Enterprise
2025-01-08,565.02002,577.73999,559.22998,577.34003,590300,AXON,Axon Enterprise
2025-01-07,570.71997,573.5,554.76001,562.030029,935300,AXON,Axon Enterprise
2025-01-06,604.40002,606.31,543.47998,570.71002,1614500,AXON,Axon Enterprise
2025-01-03,595.35999,608.95001,594.17999,601.059998,434600,AXON,Axon Enterprise
2025-01-02,604.070007,612.25,588.19,596.48999,516500,AXON,Axon Enterprise
2024-12-31,607.16998,607.16998,592.28003,594.32001,510300,AXON,Axon Enterprise
2024-12-30,601.20001,607.23999,591.14001,604.32001,648900,AXON,Axon Enterprise
2024-12-27,620.95001,622.46002,606.54999,610.97998,392100,AXON,Axon Enterprise
2024-12-26,630.0,630.0,620.96002,623.79999,525800,AXON,Axon Enterprise
2024-12-24,619.66998,631.78003,619.070007,631.25,260500,AXON,Axon Enterprise
2024-12-23,634.64001,642.53003,616.96997,624.14001,626700,AXON,Axon Enterprise
2024-12-20,607.95001,633.21002,605.099976,631.69,7032800,AXON,Axon Enterprise
2024-12-19,620.53998,626.58002,608.0,615.67999,1316300,AXON,Axon Enterprise
2024-12-18,637.0,638.87,604.14001,609.96002,1614000,AXON,Axon Enterprise
2024-12-17,642.92999,648.69,632.0,635.76001,1497300,AXON,Axon Enterprise
2024-12-16,652.0,654.0,603.33002,649.29999,1741600,AXON,Axon Enterprise
2024-12-13,635.28998,648.90997,635.0,644.90997,557700,AXON,Axon Enterprise
2024-12-12,648.01001,657.75,635.81,636.40997,667200,AXON,Axon Enterprise
2024-12-11,646.67999,651.14001,633.85999,642.45001,639200,AXON,Axon Enterprise
2024-12-10,647.21997,659.67999,633.31,637.45001,928100,AXON,Axon Enterprise
2024-12-09,687.69,687.96997,631.030029,642.59003,1177500,AXON,Axon Enterprise
2024-12-06,689.72998,698.66998,680.23999,687.69,938600,AXON,Axon Enterprise
2024-12-05,688.01001,695.94,677.40002,689.78003,732400,AXON,Axon Enterprise
2024-12-04,667.090027,689.39001,667.090027,687.39001,924900,AXON,Axon Enterprise
2024-12-03,652.82001,675.47998,638.0,669.87,1383700,AXON,Axon Enterprise
2024-12-02,649.20001,649.39001,634.95001,636.39001,866800,AXON,Axon Enterprise
2024-11-29,639.38,652.22998,639.0,646.96002,397600,AXON,Axon Enterprise
2024-11-27,632.099976,636.37,625.81,634.96002,505600,AXON,Axon Enterprise
2024-11-26,622.59998,633.0,621.21997,632.15997,619200,AXON,Axon Enterprise
2024-11-25,639.53998,639.98999,607.20001,619.0,1499700,AXON,Axon Enterprise
2024-11-22,635.5,641.20001,623.51001,636.95001,698900,AXON,Axon Enterprise
2024-11-21,621.98999,640.51001,611.0,631.27002,885100,AXON,Axon Enterprise
2024-11-20,609.17999,613.25,598.95001,609.82001,572300,AXON,Axon Enterprise
2024-11-19,598.29999,618.070007,598.01001,610.20001,1064600,AXON,Axon Enterprise
2024-11-18,601.039978,610.33002,592.0,600.0,669600,AXON,Axon Enterprise
2024-11-15,599.53003,602.0,594.41998,599.34998,682800,AXON,Axon Enterprise
2024-11-14,601.0,609.37,592.21002,604.56,727300,AXON,Axon Enterprise
2024-11-13,600.0,617.15002,599.71997,601.28998,850600,AXON,Axon Enterprise
2024-11-12,609.10999,609.35999,591.73999,595.17999,1390100,AXON,Axon Enterprise
2024-11-11,611.059998,624.84003,588.02002,616.14001,1792700,AXON,Axon Enterprise
2024-11-08,540.0,611.88,515.0,603.17999,3967000,AXON,Axon Enterprise
2024-11-07,465.5,471.0,462.81,468.75,832600,AXON,Axon Enterprise
2024-11-06,459.029999,462.64001,450.72,459.51999,723900,AXON,Axon Enterprise
2024-11-05,433.97,442.76999,433.97,441.089996,656100,AXON,Axon Enterprise
2024-11-04,425.84,435.5,424.98999,431.57001,479000,AXON,Axon Enterprise
2024-11-01,426.82001,430.16,424.57001,425.84,600500,AXON,Axon Enterprise
2024-10-31,435.95999,436.89999,422.38,423.5,877500,AXON,Axon Enterprise
2024-10-30,443.32999,445.48001,438.76001,439.0,428100,AXON,Axon Enterprise
2024-10-29,444.95999,447.63,443.70001,444.0,488900,AXON,Axon Enterprise
2024-10-28,449.10001,449.10001,443.25,444.76999,447200,AXON,Axon Enterprise
2024-10-25,446.12,449.82999,442.70999,444.51999,331900,AXON,Axon Enterprise
2024-10-24,442.57999,446.75,438.17001,443.12,263400,AXON,Axon Enterprise
2024-10-23,447.51999,449.20001,440.67001,442.69,388900,AXON,Axon Enterprise
2024-10-22,445.10001,455.17001,443.44,449.60999,624900,AXON,Axon Enterprise
2024-10-21,439.0,444.16,435.29001,443.98001,335500,AXON,Axon Enterprise
2024-10-18,438.78,438.78,434.0,438.049988,228800,AXON,Axon Enterprise
2024-10-17,436.0,437.89999,432.73001,434.48001,397400,AXON,Axon Enterprise
2024-10-16,433.35999,435.39999,428.5,433.82999,376100,AXON,Axon Enterprise
2024-10-15,437.98001,438.040009,424.57001,434.12,625200,AXON,Axon Enterprise
2024-10-14,437.14001,440.89001,435.44,437.98001,326200,AXON,Axon Enterprise
2024-10-11,430.19,436.54999,428.76999,434.98001,334500,AXON,Axon Enterprise
2024-10-10,430.78,432.91,424.34,428.76001,494200,AXON,Axon Enterprise
2024-10-09,424.39999,432.85999,422.20999,432.14001,470800,AXON,Axon Enterprise
2024-10-08,424.059998,433.48001,420.48999,426.98999,787500,AXON,Axon Enterprise
2024-10-07,421.0,425.23001,416.88,420.82999,682900,AXON,Axon Enterprise
2024-10-04,418.0,422.32999,413.67999,421.79999,611900,AXON,Axon Enterprise
2024-10-03,404.17001,415.10999,403.16,415.049988,927100,AXON,Axon Enterprise
2024-10-02,400.0,406.0,397.53,404.51001,588000,AXON,Axon Enterprise
2024-10-01,399.87,400.78,395.37,399.22,749200,AXON,Axon Enterprise
2024-09-30,395.5,400.32999,394.23999,399.60001,548900,AXON,Axon Enterprise
2024-09-27,394.12,395.59,388.37,395.34,400700,AXON,Axon Enterprise
2024-09-26,396.23001,398.73999,391.97,393.25,448900,AXON,Axon Enterprise
2024-09-25,394.39001,395.79999,392.019989,395.26001,534500,AXON,Axon Enterprise
2024-09-24,395.59,395.69,388.35999,393.66,279600,AXON,Axon Enterprise
2024-09-23,394.29001,397.32001,392.0,393.94,473100,AXON,Axon Enterprise
2024-09-20,387.070007,393.57999,387.059998,393.29001,1202600,AXON,Axon Enterprise
2024-09-19,390.0,391.54999,383.029999,389.73999,461800,AXON,Axon Enterprise
2024-09-18,383.5,387.60999,380.51001,383.01001,402100,AXON,Axon Enterprise
2024-09-17,384.029999,386.14001,376.53,382.57001,379000,AXON,Axon Enterprise
2024-09-16,380.98999,386.54001,379.98001,385.76999,480100,AXON,Axon Enterprise
2024-09-13,382.98001,385.0,375.70999,379.60999,506400,AXON,Axon Enterprise
2024-09-12,364.88,384.73001,364.60001,384.51001,976900,AXON,Axon Enterprise
2024-09-11,357.82001,364.48999,353.91,361.70999,471500,AXON,Axon Enterprise
2024-09-10,364.89001,366.98001,357.10999,359.35001,324800,AXON,Axon Enterprise
2024-09-09,358.60999,369.44,358.60999,364.39001,755900,AXON,Axon Enterprise
2024-09-06,356.42001,357.5,346.70999,354.62,509100,AXON,Axon Enterprise
2024-09-05,353.53,356.34,352.10999,354.85999,236400,AXON,Axon Enterprise
2024-09-04,351.72,356.73001,349.019989,355.35001,681100,AXON,Axon Enterprise
2024-09-03,361.35001,363.22,354.51999,355.16,584900,AXON,Axon Enterprise
2024-08-30,363.13,366.28,361.44,364.97,454800,AXON,Axon Enterprise
2024-08-29,364.029999,368.85999,361.97,362.0,316800,AXON,Axon Enterprise
2024-08-28,363.42999,368.13,361.59,362.45001,323600,AXON,Axon Enterprise
2024-08-27,360.48999,364.45999,357.85001,363.42999,286000,AXON,Axon Enterprise
2024-08-26,369.10999,370.64001,358.10001,360.48999,568500,AXON,Axon Enterprise
2024-08-23,375.69,376.049988,369.42999,370.70001,464500,AXON,Axon Enterprise
2024-08-22,375.94,377.25,372.44,372.69,295500,AXON,Axon Enterprise
2024-08-21,373.059998,378.89001,371.45001,375.10001,573200,AXON,Axon Enterprise
2024-08-20,374.45001,375.73001,370.040009,373.049988,345700,AXON,Axon Enterprise
2024-08-19,373.75,376.42001,370.95999,373.070007,430100,AXON,Axon Enterprise
2024-08-16,374.98999,377.19,372.0,373.69,486300,AXON,Axon Enterprise
2024-08-15,366.14999,378.25,366.14999,373.69,495400,AXON,Axon Enterprise
2024-08-14,368.79999,371.92999,365.98999,370.57001,400300,AXON,Axon Enterprise
2024-08-13,368.029999,370.82001,364.78,368.97,516300,AXON,Axon Enterprise
2024-08-12,368.10001,375.95001,366.14001,368.029999,545400,AXON,Axon Enterprise
2024-08-09,367.26999,370.35999,359.31,365.0,997500,AXON,Axon Enterprise
2024-08-08,350.89999,371.98999,344.0,368.45999,1518800,AXON,Axon Enterprise
2024-08-07,330.0,367.95001,323.89001,349.23999,3407100,AXON,Axon Enterprise
2024-08-06,289.39999,298.70001,286.19,295.0,1070700,AXON,Axon Enterprise
2024-08-05,279.64001,291.75,279.019989,286.16,684600,AXON,Axon Enterprise
2024-08-02,294.10001,295.35999,287.14001,292.35999,929200,AXON,Axon Enterprise
2024-08-01,300.0,302.72,296.089996,299.63,872700,AXON,Axon Enterprise
2024-07-31,307.48999,308.56,299.0,300.01001,662400,AXON,Axon Enterprise
2024-07-30,309.95999,314.37,304.48001,304.72,350200,AXON,Axon Enterprise
2024-07-29,312.39999,312.39999,307.64999,309.0,271100,AXON,Axon Enterprise
2024-07-26,314.070007,314.070007,308.01001,310.59,347900,AXON,Axon Enterprise
2024-07-25,312.45001,316.84,307.98999,310.81,379000,AXON,Axon Enterprise
2024-07-24,318.019989,318.88,310.01001,313.10999,451000,AXON,Axon Enterprise
2024-07-23,318.0,324.85999,317.51001,319.54999,763100,AXON,Axon Enterprise
2024-07-22,310.5,317.0,306.81,316.76001,455900,AXON,Axon Enterprise
2024-07-19,307.92999,310.48999,303.62,308.45001,269800,AXON,Axon Enterprise
2024-07-18,318.0,319.5,303.70001,305.67001,577000,AXON,Axon Enterprise
2024-07-17,321.20001,326.32001,315.35001,317.78,680600,AXON,Axon Enterprise
2024-07-16,311.019989,319.79999,311.019989,319.42999,698600,AXON,Axon Enterprise
2024-07-15,294.76999,308.89999,293.019989,308.64001,642300,AXON,Axon Enterprise
2024-07-12,292.23999,296.98001,290.079987,292.66,289600,AXON,Axon Enterprise
2024-07-11,293.73001,295.0,290.019989,291.16,528300,AXON,Axon Enterprise
2024-07-10,299.0,299.72,292.98999,293.29001,365700,AXON,Axon Enterprise
2024-07-09,304.37,306.35001,298.35999,298.51001,398500,AXON,Axon Enterprise
2024-07-08,299.76999,303.53,299.19,302.48001,372100,AXON,Axon Enterprise
2024-07-05,296.91,298.69,294.14001,298.38,174400,AXON,Axon Enterprise
2024-07-03,294.049988,297.32001,292.79999,296.56,175300,AXON,Axon Enterprise
2024-07-02,288.25,293.60001,286.51001,293.17999,347600,AXON,Axon Enterprise
2024-07-01,296.56,296.56,287.19,289.20999,332200,AXON,Axon Enterprise
2024-06-28,300.0,304.56,293.57999,294.23999,1083400,AXON,Axon Enterprise
2024-06-27,292.67001,298.39999,290.79999,298.35001,438400,AXON,Axon Enterprise
2024-06-26,292.040009,293.32001,288.69,292.88,350300,AXON,Axon Enterprise
2024-06-25,293.19,294.48999,290.63,292.63,476900,AXON,Axon Enterprise
2024-06-24,291.92999,296.62,290.38,292.70001,705100,AXON,Axon Enterprise
2024-06-21,293.22,293.22,282.89001,291.14999,910200,AXON,Axon Enterprise
2024-06-20,294.60999,296.79999,290.38,293.14001,366200,AXON,Axon Enterprise
2024-06-18,297.48001,300.85001,292.040009,293.51999,362300,AXON,Axon Enterprise
2024-06-17,292.51001,297.38,290.19,297.17001,413500,AXON,Axon Enterprise
2024-06-14,292.0,294.35999,287.23001,292.32999,401100,AXON,Axon Enterprise
2024-06-13,295.62,297.78,292.29001,293.48001,383600,AXON,Axon Enterprise
2024-06-12,290.01001,297.23999,288.89999,295.84,546100,AXON,Axon Enterprise
2024-06-11,285.32999,287.059998,283.32999,287.01001,407300,AXON,Axon Enterprise
2024-06-10,280.079987,286.81,280.079987,285.39999,421900,AXON,Axon Enterprise
2024-06-07,279.57001,282.60001,278.23999,280.5,331300,AXON,Axon Enterprise
2024-06-06,282.13,283.48001,276.92001,279.14999,381600,AXON,Axon Enterprise
2024-06-05,278.56,282.28,276.23001,282.13,476700,AXON,Axon Enterprise
2024-06-04,277.73001,278.54999,273.51999,276.22,399000,AXON,Axon Enterprise
2024-06-03,281.35001,283.0,275.79001,278.53,401300,AXON,Axon Enterprise
2024-05-31,281.72,283.0,275.19,281.67001,731100,AXON,Axon Enterprise
2024-05-30,284.45999,286.16,280.26001,281.73001,340300,AXON,Axon Enterprise
2024-05-29,285.20001,288.39999,283.5,284.19,471500,AXON,Axon Enterprise
2024-05-28,286.040009,288.20001,284.23001,288.20001,522100,AXON,Axon Enterprise
2024-05-24,280.48001,285.78,279.0,285.63,410800,AXON,Axon Enterprise
2024-05-23,285.0,286.26999,279.19,279.98999,818100,AXON,Axon Enterprise
2024-05-22,288.48001,289.67999,282.10001,284.87,972100,AXON,Axon Enterprise
2024-05-21,291.87,291.98999,285.059998,287.95001,661700,AXON,Axon Enterprise
2024-05-20,289.92001,292.89001,288.19,292.029999,524500,AXON,Axon Enterprise
2024-05-17,292.45001,292.60001,286.67999,288.79001,513400,AXON,Axon Enterprise
2024-05-16,293.60001,294.16,288.38,290.44,536200,AXON,Axon Enterprise
2024-05-15,299.23999,300.0,292.79001,293.95001,683000,AXON,Axon Enterprise
2024-05-14,299.01001,299.01001,290.66,296.45999,998300,AXON,Axon Enterprise
2024-05-13,303.88,305.10999,300.029999,300.23001,506800,AXON,Axon Enterprise
2024-05-10,309.38,309.70001,303.32001,303.42999,473900,AXON,Axon Enterprise
2024-05-09,310.64001,313.63,307.79999,309.089996,699200,AXON,Axon Enterprise
2024-05-08,312.54999,316.32001,309.53,311.85999,480400,AXON,Axon Enterprise
2024-05-07,312.82001,317.5,304.85999,312.73001,1021700,AXON,Axon Enterprise
2024-05-06,322.0,329.17999,321.45999,327.64001,773700,AXON,Axon Enterprise
2024-05-03,319.23999,321.0,316.64001,318.54999,279000,AXON,Axon Enterprise
2024-05-02,313.22,318.19,310.92999,316.75,456700,AXON,Axon Enterprise
2024-05-01,312.17999,316.0,309.10999,311.57001,693700,AXON,Axon Enterprise
2024-04-30,311.31,314.78,309.20001,313.66,596100,AXON,Axon Enterprise
2024-04-29,308.23999,313.59,307.25,313.29999,340600,AXON,Axon Enterprise
2024-04-26,306.57001,311.87,306.57001,308.23001,300700,AXON,Axon Enterprise
2024-04-25,300.98999,308.82999,297.92999,306.23999,305900,AXON,Axon Enterprise
2024-04-24,304.070007,308.12,302.29001,302.41,524700,AXON,Axon Enterprise
2024-04-23,296.70999,302.57001,295.35001,301.56,486700,AXON,Axon Enterprise
2024-04-22,294.85999,296.88,291.39999,293.79999,513500,AXON,Axon Enterprise
2024-04-19,299.17999,299.53,291.35001,293.60999,551400,AXON,Axon Enterprise
2024-04-18,300.0,303.51001,297.29999,297.59,593700,AXON,Axon Enterprise
2024-04-17,301.37,302.54999,296.73001,299.82001,603300,AXON,Axon Enterprise
2024-04-16,302.0,303.44,295.10001,300.31,524300,AXON,Axon Enterprise
2024-04-15,317.17001,317.17001,301.54999,303.31,354900,AXON,Axon Enterprise
2024-04-12,322.23001,323.5,310.25,310.81,548100,AXON,Axon Enterprise
2024-04-11,319.39001,329.87,315.39999,324.089996,705100,AXON,Axon Enterprise
2024-04-10,308.81,320.34,307.85999,318.26001,502800,AXON,Axon Enterprise
2024-04-09,310.59,311.44,306.26999,311.26999,305900,AXON,Axon Enterprise
2024-04-08,311.19,314.20001,309.14999,311.20999,286500,AXON,Axon Enterprise
2024-04-05,306.82001,312.25,306.56,309.89999,183800,AXON,Axon Enterprise
2024-04-04,312.12,315.60999,306.60999,306.82999,272600,AXON,Axon Enterprise
2024-04-03,308.19,311.67999,308.19,309.10001,344700,AXON,Axon Enterprise
2024-04-02,309.35001,310.12,304.79999,309.35999,340300,AXON,Axon Enterprise
2024-04-01,314.34,314.76999,309.95999,311.37,318000,AXON,Axon Enterprise
2024-03-28,316.97,316.97,311.85001,312.88,357800,AXON,Axon Enterprise
2024-03-27,321.040009,321.76999,314.17001,315.64001,401500,AXON,Axon Enterprise
2024-03-26,315.47,320.56,314.75,319.14001,433800,AXON,Axon Enterprise
2024-03-25,316.5,317.53,313.84,315.47,629800,AXON,Axon Enterprise
2024-03-22,318.17999,318.17999,312.34,316.32001,378000,AXON,Axon Enterprise
2024-03-21,316.56,319.12,314.63,316.089996,279100,AXON,Axon Enterprise
2024-03-20,312.45001,314.51001,308.62,314.28,298600,AXON,Axon Enterprise
2024-03-19,308.45001,312.91,306.32001,312.13,410700,AXON,Axon Enterprise
2024-03-18,310.70001,312.0,307.10001,308.45001,455900,AXON,Axon Enterprise
2024-03-15,304.17999,309.70001,304.17999,307.64999,1568800,AXON,Axon Enterprise
2024-03-14,307.42999,310.85001,304.75,306.42999,427500,AXON,Axon Enterprise
2024-03-13,311.56,312.54999,304.51999,306.78,603400,AXON,Axon Enterprise
2024-03-12,309.85001,312.070007,305.92001,311.37,400500,AXON,Axon Enterprise
2024-03-11,310.94,313.5,308.82999,310.92999,447500,AXON,Axon Enterprise
2024-03-08,315.13,320.76001,308.82999,312.79001,432100,AXON,Axon Enterprise
2024-03-07,315.10001,317.98999,313.95999,315.13,363300,AXON,Axon Enterprise
2024-03-06,315.01001,318.0,310.25,314.97,467800,AXON,Axon Enterprise
2024-03-05,319.48001,319.81,311.94,315.10001,620200,AXON,Axon Enterprise
2024-03-04,316.0,325.63,314.95001,319.88,928100,AXON,Axon Enterprise
2024-03-01,303.0,314.48999,302.23999,314.25,892300,AXON,Axon Enterprise
2024-02-29,309.22,311.040009,299.070007,307.37,1501500,AXON,Axon Enterprise
2024-02-28,280.70001,318.89999,275.0,309.22,2658700,AXON,Axon Enterprise
2024-02-27,273.51001,273.62,265.32001,271.82001,841700,AXON,Axon Enterprise
2024-02-26,272.14999,274.26999,270.82001,271.59,321900,AXON,Axon Enterprise
2024-02-23,272.87,273.72,268.98999,270.63,225000,AXON,Axon Enterprise
2024-02-22,267.57999,272.31,267.38,271.54001,286300,AXON,Axon Enterprise
2024-02-21,267.029999,268.19,260.26999,263.73001,396000,AXON,Axon Enterprise
2024-02-20,267.38,269.16,265.23001,267.70001,296100,AXON,Axon Enterprise
2024-02-16,272.019989,273.91,269.70999,269.79999,250400,AXON,Axon Enterprise
2024-02-15,272.10001,274.78,268.0,272.79001,257500,AXON,Axon Enterprise
2024-02-14,268.019989,271.42001,264.87,270.84,307700,AXON,Axon Enterprise
2024-02-13,261.28,269.28,255.67999,264.45001,377100,AXON,Axon Enterprise
2024-02-12,270.53,273.54001,265.049988,266.70999,482600,AXON,Axon Enterprise
2024-02-09,270.82001,271.39001,268.44,270.98001,247600,AXON,Axon Enterprise
2024-02-08,265.0,269.5,264.53,269.0,306100,AXON,Axon Enterprise
2024-02-07,260.34,270.95001,259.12,265.47,784900,AXON,Axon Enterprise
2024-02-06,258.64001,259.69,255.58,259.45999,226200,AXON,Axon Enterprise
2024-02-05,255.97,257.76001,252.2,257.47,322300,AXON,Axon Enterprise
2024-02-02,252.7,258.62,251.13,256.98999,361900,AXON,Axon Enterprise
2024-02-01,250.64999,254.14,247.039993,252.7,519400,AXON,Axon Enterprise
2024-01-31,254.94,255.020004,248.38,249.059998,492500,AXON,Axon Enterprise
2024-01-30,254.24001,255.74001,253.39999,254.25,189100,AXON,Axon Enterprise
2024-01-29,251.99001,254.77,251.75,254.73,281400,AXON,Axon Enterprise
2024-01-26,252.58,254.059998,249.0099945,251.36,257000,AXON,Axon Enterprise
2024-01-25,252.78,253.92999,250.63,252.7,229300,AXON,Axon Enterprise
2024-01-24,257.34,257.34,250.42999,251.24001,369300,AXON,Axon Enterprise
2024-01-23,261.28,261.28,254.92999,255.0099945,252200,AXON,Axon Enterprise
2024-01-22,258.12,262.95001,257.17001,259.66,302700,AXON,Axon Enterprise
2024-01-19,254.98,256.85999,251.87,256.79001,349200,AXON,Axon Enterprise
2024-01-18,251.059998,254.19,250.64999,254.10001,252400,AXON,Axon Enterprise
2024-01-17,247.12,250.67999,247.12,250.50999,267200,AXON,Axon Enterprise
2024-01-16,250.28,251.61,246.99001,249.47,385200,AXON,Axon Enterprise
2024-01-12,250.81,253.89999,248.44,250.69,485100,AXON,Axon Enterprise
2024-01-11,249.81,251.72,247.12,249.53999,383900,AXON,Axon Enterprise
2024-01-10,249.98,250.97,248.0,249.020004,470300,AXON,Axon Enterprise
2024-01-09,248.48,250.53999,247.81,249.10001,452200,AXON,Axon Enterprise
2024-01-08,244.45,251.75,244.0099945,251.61,344400,AXON,Axon Enterprise
2024-01-05,244.5,246.10001,241.72,244.21001,408600,AXON,Axon Enterprise
2024-01-04,247.42999,249.56,244.35001,244.92999,494200,AXON,Axon Enterprise
2024-01-03,250.62,252.24001,247.27,247.42999,333000,AXON,Axon Enterprise
2024-01-02,254.47,256.01001,249.53,251.63,532400,AXON,Axon Enterprise
2023-12-29,258.0,259.45001,256.38,258.32999,330600,AXON,Axon Enterprise
2023-12-28,259.64999,259.88,257.92001,258.59,257900,AXON,Axon Enterprise
2023-12-27,257.81,259.95001,257.17001,259.079987,340600,AXON,Axon Enterprise
2023-12-26,257.94,259.23001,256.85999,258.10999,180100,AXON,Axon Enterprise
2023-12-22,258.29999,260.69,257.12,259.029999,279100,AXON,Axon Enterprise
2023-12-21,256.94,257.67999,253.5,256.84,311500,AXON,Axon Enterprise
2023-12-20,255.92,257.64999,252.11,252.77,559900,AXON,Axon Enterprise
2023-12-19,257.69,260.35001,254.61,255.92,446700,AXON,Axon Enterprise
2023-12-18,253.46001,256.01001,251.46001,255.69,372100,AXON,Axon Enterprise
2023-12-15,252.91,256.82001,250.17,255.98,815500,AXON,Axon Enterprise
2023-12-14,250.0,253.73,248.3,253.12,676100,AXON,Axon Enterprise
2023-12-13,242.12,248.10001,240.49001,248.059998,401900,AXON,Axon Enterprise
2023-12-12,239.74001,243.61,238.070007,241.97,347400,AXON,Axon Enterprise
2023-12-11,236.99001,238.96001,235.33,238.78,302300,AXON,Axon Enterprise
2023-12-08,235.41,238.039993,234.83,236.38,281800,AXON,Axon Enterprise
2023-12-07,233.33,235.98,232.78,235.33,314300,AXON,Axon Enterprise
2023-12-06,232.64,235.64999,231.83,232.34,267000,AXON,Axon Enterprise
2023-12-05,234.020004,234.99001,229.020004,231.72,387900,AXON,Axon Enterprise
2023-12-04,229.60001,236.38,229.32001,236.28,526600,AXON,Axon Enterprise
2023-12-01,229.87,233.8,226.55,231.50999,850000,AXON,Axon Enterprise
2023-11-30,226.41,230.33,224.28,229.87,721800,AXON,Axon Enterprise
2023-11-29,228.83,230.020004,225.12,225.86,248800,AXON,Axon Enterprise
2023-11-28,228.39999,230.38,226.49001,227.070007,227400,AXON,Axon Enterprise
2023-11-27,227.36,230.059998,227.0,228.16,311700,AXON,Axon Enterprise
2023-11-24,227.14,228.72,227.14,228.42,101600,AXON,Axon Enterprise
2023-11-22,228.42999,230.82001,226.78999,226.87,233300,AXON,Axon Enterprise
2023-11-21,226.0,230.39999,226.0,228.42,408500,AXON,Axon Enterprise
2023-11-20,224.37,227.35001,224.16,226.22,287600,AXON,Axon Enterprise
2023-11-17,224.95,224.95,222.28,223.48,458600,AXON,Axon Enterprise
2023-11-16,222.050003,223.81,220.78,222.75999,322300,AXON,Axon Enterprise
2023-11-15,222.0,225.38,220.77,221.080002,535000,AXON,Axon Enterprise
2023-11-14,221.36,223.57001,220.50999,221.58,586700,AXON,Axon Enterprise
2023-11-13,218.27,219.75,216.72501,218.66,380700,AXON,Axon Enterprise
2023-11-10,216.16,220.0,215.435,217.94,830400,AXON,Axon Enterprise
2023-11-09,230.23,230.66,212.88499,215.7,811700,AXON,Axon Enterprise
2023-11-08,224.5,231.71001,219.070007,229.58,1603200,AXON,Axon Enterprise
2023-11-07,216.92,219.020004,214.7,216.37,908700,AXON,Axon Enterprise
2023-11-06,219.39,220.22,214.83,216.86,433700,AXON,Axon Enterprise
2023-11-03,211.97,219.36,211.97,217.25,573800,AXON,Axon Enterprise
2023-11-02,209.77,212.58,209.024994,210.27,406400,AXON,Axon Enterprise
2023-11-01,204.95,208.19,203.16,207.14999,344800,AXON,Axon Enterprise
2023-10-31,202.32001,205.62,199.5,204.49001,350900,AXON,Axon Enterprise
2023-10-30,203.59,203.92,200.54559,201.73,303300,AXON,Axon Enterprise
2023-10-27,204.67999,205.89,199.28999,200.75999,422800,AXON,Axon Enterprise
2023-10-26,207.87,210.020004,204.32001,204.57001,386300,AXON,Axon Enterprise
2023-10-25,212.58,212.58,206.63,207.87,278000,AXON,Axon Enterprise
2023-10-24,212.8,215.17,212.21001,213.33,283900,AXON,Axon Enterprise
2023-10-23,209.98,212.67999,208.050003,210.080002,213500,AXON,Axon Enterprise
2023-10-20,212.92999,212.92999,207.2,210.86,354100,AXON,Axon Enterprise
2023-10-19,218.88,218.88,210.66,212.31,365600,AXON,Axon Enterprise
2023-10-18,222.0,223.12,219.41,219.53,327100,AXON,Axon Enterprise
2023-10-17,218.53,223.3,218.050003,222.53999,568900,AXON,Axon Enterprise
2023-10-16,217.2,220.46001,216.67999,220.050003,307000,AXON,Axon Enterprise
2023-10-13,216.63,217.88,214.28,215.42999,410200,AXON,Axon Enterprise
2023-10-12,220.67999,220.67999,214.19,215.41,424900,AXON,Axon Enterprise
2023-10-11,216.64,220.71001,216.0,220.0,728500,AXON,Axon Enterprise
2023-10-10,210.0,216.31,209.61,215.28999,591500,AXON,Axon Enterprise
2023-10-09,202.2,209.94,200.99001,208.81,532000,AXON,Axon Enterprise
2023-10-06,193.12,201.45,192.63,199.7,370200,AXON,Axon Enterprise
2023-10-05,194.81,196.55,192.78999,196.11,300900,AXON,Axon Enterprise
2023-10-04,192.029999,194.89999,190.0099945,194.61,335100,AXON,Axon Enterprise
2023-10-03,195.39,196.059998,190.82001,192.059998,266600,AXON,Axon Enterprise
2023-10-02,197.28999,199.10001,195.050003,196.14999,428500,AXON,Axon Enterprise
2023-09-29,197.86,201.53999,197.58,198.99001,634300,AXON,Axon Enterprise
2023-09-28,193.41,196.55,191.60001,196.080002,354200,AXON,Axon Enterprise
2023-09-27,190.85001,195.71001,190.69,194.64999,617800,AXON,Axon Enterprise
2023-09-26,190.64,192.2,189.12,189.61,444700,AXON,Axon Enterprise
2023-09-25,193.95,195.35001,192.5,193.24001,373600,AXON,Axon Enterprise
2023-09-22,196.88,197.57001,194.5,195.42,369200,AXON,Axon Enterprise
2023-09-21,201.029999,201.71001,196.0099945,196.13,598300,AXON,Axon Enterprise
2023-09-20,205.34,206.32001,203.19,203.35001,458300,AXON,Axon Enterprise
2023-09-19,207.23,207.23,201.24001,203.8,478800,AXON,Axon Enterprise
2023-09-18,204.60001,211.19,203.0099945,208.17999,497200,AXON,Axon Enterprise
2023-09-15,211.38,211.67999,204.95,206.21001,819800,AXON,Axon Enterprise
2023-09-14,209.95,213.50999,209.32001,212.50999,398700,AXON,Axon Enterprise
2023-09-13,211.0,211.89,208.050003,209.86,378700,AXON,Axon Enterprise
2023-09-12,210.83,213.13,210.25999,211.92999,375500,AXON,Axon Enterprise
2023-09-11,214.47,215.0,210.81,213.19,326300,AXON,Axon Enterprise
2023-09-08,215.34,217.61,214.11,214.71001,359500,AXON,Axon Enterprise
2023-09-07,213.41,216.81,210.42999,216.059998,459200,AXON,Axon Enterprise
2023-09-06,212.61,215.44,211.71001,213.5,330300,AXON,Axon Enterprise
2023-09-05,214.5,214.89999,208.14999,212.25,697700,AXON,Axon Enterprise
2023-09-01,213.61,215.48,212.38,215.39,343300,AXON,Axon Enterprise
2023-08-31,212.0,215.28,211.85001,212.91,862000,AXON,Axon Enterprise
2023-08-30,204.8,211.59,204.8,211.10001,541300,AXON,Axon Enterprise
2023-08-29,200.11,206.28999,199.27,205.14,302400,AXON,Axon Enterprise
2023-08-28,199.73,203.36,199.73,200.71001,435500,AXON,Axon Enterprise
2023-08-25,195.73,198.62,193.31,198.42999,412200,AXON,Axon Enterprise
2023-08-24,200.44,204.17999,195.86,196.0099945,748000,AXON,Axon Enterprise
2023-08-23,199.45,200.59,197.64,200.3,403200,AXON,Axon Enterprise
2023-08-22,196.86,199.53999,196.0,198.96001,300800,AXON,Axon Enterprise
2023-08-21,199.56,201.070007,195.67,196.94,432400,AXON,Axon Enterprise
2023-08-18,193.11,200.72,192.87,200.10001,730300,AXON,Axon Enterprise
2023-08-17,200.42,200.42,195.0,195.39,540500,AXON,Axon Enterprise
2023-08-16,201.87,202.16,198.2,200.78,512600,AXON,Axon Enterprise
2023-08-15,206.62,207.36,202.59,203.050003,683300,AXON,Axon Enterprise
2023-08-14,209.59,211.64999,206.059998,206.62,802200,AXON,Axon Enterprise
2023-08-11,203.17999,211.89,202.32001,211.23,1419500,AXON,Axon Enterprise
2023-08-10,203.81,208.92,202.35001,204.12,1232800,AXON,Axon Enterprise
2023-08-09,198.12,207.86,196.49001,200.44,2983400,AXON,Axon Enterprise
2023-08-08,179.22,180.080002,175.59,175.73,806500,AXON,Axon Enterprise
2023-08-07,181.89999,182.58,178.89,179.67,574800,AXON,Axon Enterprise
2023-08-04,178.49001,182.92,178.38,180.86,1002200,AXON,Axon Enterprise
2023-08-03,177.0099945,178.82001,175.37,177.10001,457700,AXON,Axon Enterprise
2023-08-02,181.94,182.31,177.91,178.020004,558100,AXON,Axon Enterprise
2023-08-01,184.45,186.050003,183.25999,183.33,425300,AXON,Axon Enterprise
2023-07-31,183.14999,186.14999,182.91,185.92999,580900,AXON,Axon Enterprise
2023-07-28,184.12,186.36,182.47,182.64,648000,AXON,Axon Enterprise
2023-07-27,181.24001,185.55,180.47,182.089996,909300,AXON,Axon Enterprise
2023-07-26,179.36,180.77,176.31,180.039993,628300,AXON,Axon Enterprise
2023-07-25,176.84,180.41,176.080002,180.029999,741200,AXON,Axon Enterprise
2023-07-24,179.53999,181.34,177.14,178.3,1155400,AXON,Axon Enterprise
2023-07-21,184.95,185.3,179.61,179.96001,1135600,AXON,Axon Enterprise
2023-07-20,189.53999,190.070007,183.16,184.029999,620000,AXON,Axon Enterprise
2023-07-19,192.27,193.91,187.71001,189.53,889200,AXON,Axon Enterprise
2023-07-18,195.78,196.66,191.95,192.25,647400,AXON,Axon Enterprise
2023-07-17,192.23,196.92,191.8,196.16,314500,AXON,Axon Enterprise
2023-07-14,192.75999,193.97,190.92,192.24001,343300,AXON,Axon Enterprise
2023-07-13,196.50999,197.42,193.53,194.029999,434000,AXON,Axon Enterprise
2023-07-12,197.37,197.37,192.47,195.88,428500,AXON,Axon Enterprise
2023-07-11,195.35001,196.89,193.87,195.58,527800,AXON,Axon Enterprise
2023-07-10,189.029999,195.42,188.86,195.36,556600,AXON,Axon Enterprise
2023-07-07,189.59,190.86,186.69,188.10001,636400,AXON,Axon Enterprise
2023-07-06,192.41,193.0099945,188.10001,188.82001,490100,AXON,Axon Enterprise
2023-07-05,193.31,195.78999,192.45,193.61,487700,AXON,Axon Enterprise
2023-07-03,194.31,194.92999,189.88,194.58,379400,AXON,Axon Enterprise
2023-06-30,196.58,196.89,194.62,195.12,509200,AXON,Axon Enterprise
2023-06-29,194.85001,197.35001,193.23,195.83,490300,AXON,Axon Enterprise
2023-06-28,195.75999,196.41,193.67,194.59,515700,AXON,Axon Enterprise
2023-06-27,191.13,195.74001,191.13,195.38,454300,AXON,Axon Enterprise
2023-06-26,188.88,190.14999,186.88,189.63,868300,AXON,Axon Enterprise
2023-06-23,194.67,194.7,188.64999,188.71001,1318100,AXON,Axon Enterprise
2023-06-22,197.0,198.59,194.34,196.92,511200,AXON,Axon Enterprise
2023-06-21,205.64999,205.64999,197.25,197.53999,582200,AXON,Axon Enterprise
2023-06-20,201.5,205.39999,199.28999,204.77,1125800,AXON,Axon Enterprise
2023-06-16,203.63,206.33,199.96001,202.36,3200200,AXON,Axon Enterprise
2023-06-15,196.88,203.38,196.88,202.089996,733000,AXON,Axon Enterprise
2023-06-14,195.83,198.71001,195.0,197.81,969600,AXON,Axon Enterprise
2023-06-13,196.85001,198.38,195.2,196.66,658000,AXON,Axon Enterprise
2023-06-12,195.89999,198.050003,194.49001,196.85001,547400,AXON,Axon Enterprise
2023-06-09,195.53999,197.0,194.089996,194.82001,425500,AXON,Axon Enterprise
2023-06-08,196.52,199.0,194.50999,194.74001,495000,AXON,Axon Enterprise
2023-06-07,194.88,199.84,193.39999,197.88,966700,AXON,Axon Enterprise
2023-06-06,191.88,195.96001,191.17999,194.88,606900,AXON,Axon Enterprise
2023-06-05,192.86,193.53,190.21001,191.86,695800,AXON,Axon Enterprise
2023-06-02,193.34,194.78999,190.81,193.25,791600,AXON,Axon Enterprise
2023-06-01,191.59,195.38,190.50999,192.14,1317900,AXON,Axon Enterprise
2023-05-31,192.47,193.39999,189.89999,192.91,3270500,AXON,Axon Enterprise
2023-05-30,196.0,197.49001,191.89999,193.16,717200,AXON,Axon Enterprise
2023-05-26,195.0,197.64999,194.13,194.95,708200,AXON,Axon Enterprise
2023-05-25,193.49001,194.52,189.63,193.96001,816300,AXON,Axon Enterprise
2023-05-24,194.42,195.99001,191.8,192.81,693400,AXON,Axon Enterprise
2023-05-23,200.0099945,204.23,193.91,195.8,784700,AXON,Axon Enterprise
2023-05-22,197.58,203.2,196.25999,201.75,859800,AXON,Axon Enterprise
2023-05-19,201.89,203.14999,196.21001,196.86,1023200,AXON,Axon Enterprise
2023-05-18,201.49001,202.0,199.49001,201.7,1137500,AXON,Axon Enterprise
2023-05-17,201.92999,202.92999,196.75,197.67999,830700,AXON,Axon Enterprise
2023-05-16,203.25,204.99001,201.13,201.21001,639700,AXON,Axon Enterprise
2023-05-15,200.2,205.3,198.5,203.47,781600,AXON,Axon Enterprise
2023-05-12,205.12,207.14999,200.17999,201.5,889400,AXON,Axon Enterprise
2023-05-11,197.84,204.89999,197.0,204.60001,1816900,AXON,Axon Enterprise
2023-05-10,222.73,224.11,186.32001,192.73,3724200,AXON,Axon Enterprise
2023-05-09,222.080002,228.41,221.5,226.88,1135900,AXON,Axon Enterprise
2023-05-08,219.91,222.66,219.73,221.86,685400,AXON,Axon Enterprise
2023-05-05,218.46001,220.57001,214.0,219.91,796600,AXON,Axon Enterprise
2023-05-04,219.5,222.32001,216.0,219.10001,1007400,AXON,Axon Enterprise
2023-05-03,220.83,229.95,220.16,220.88,17765900,AXON,Axon Enterprise
2023-05-02,216.58,220.58,214.0099945,220.22,1187700,AXON,Axon Enterprise
2023-05-01,211.33,216.35001,210.3,216.0,1026200,AXON,Axon Enterprise
2023-04-28,213.82001,214.34,207.72,210.71001,660400,AXON,Axon Enterprise
2023-04-27,216.75999,217.48,212.56,215.55,675300,AXON,Axon Enterprise
2023-04-26,220.0,221.020004,216.089996,216.13,508000,AXON,Axon Enterprise
2023-04-25,223.89,224.5,220.35001,220.85001,529000,AXON,Axon Enterprise
2023-04-24,224.66,226.81,222.38,224.5,614900,AXON,Axon Enterprise
2023-04-21,224.61,227.27,223.31,225.020004,513200,AXON,Axon Enterprise
2023-04-20,224.36,228.0099945,223.31,224.47,588200,AXON,Axon Enterprise
2023-04-19,225.85001,227.5,224.0,226.34,1370900,AXON,Axon Enterprise
2023-04-18,225.96001,228.60001,225.25,227.53,503500,AXON,Axon Enterprise
2023-04-17,225.0,228.78999,224.53,225.57001,485500,AXON,Axon Enterprise
2023-04-14,222.35001,224.72,221.41,223.91,764500,AXON,Axon Enterprise
2023-04-13,224.46001,225.080002,220.8,223.31,843400,AXON,Axon Enterprise
2023-04-12,225.0,226.5,221.50999,222.22,550800,AXON,Axon Enterprise
2023-04-11,224.66,226.38,222.14,224.0099945,637200,AXON,Axon Enterprise
2023-04-10,218.67,222.78,217.55,222.63,395600,AXON,Axon Enterprise
2023-04-06,217.0,219.77,215.7,219.71001,507700,AXON,Axon Enterprise
2023-04-05,221.2,223.0,213.73,217.28999,682700,AXON,Axon Enterprise
2023-04-04,227.89999,229.0,221.2,223.0,466200,AXON,Axon Enterprise
2023-04-03,223.98,227.49001,221.99001,227.39,537100,AXON,Axon Enterprise
2023-03-31,219.64,227.56,218.41,224.85001,1393900,AXON,Axon Enterprise
2023-03-30,219.3,219.39,216.25,217.7,572600,AXON,Axon Enterprise
2023-03-29,217.86,219.070007,215.82001,216.83,835400,AXON,Axon Enterprise
2023-03-28,217.62,218.99001,214.78,215.60001,448000,AXON,Axon Enterprise
2023-03-27,218.75,220.8,215.72,218.59,469600,AXON,Axon Enterprise
2023-03-24,213.56,216.99001,212.38,216.58,296000,AXON,Axon Enterprise
2023-03-23,215.3,217.66,211.28999,215.72,505200,AXON,Axon Enterprise
2023-03-22,218.75,218.94,213.22,213.50999,422800,AXON,Axon Enterprise
2023-03-21,218.60001,221.69,217.5,219.67999,611700,AXON,Axon Enterprise
2023-03-20,214.14999,215.45,212.020004,213.72,699400,AXON,Axon Enterprise
2023-03-17,215.36,216.58,210.96001,213.12,941600,AXON,Axon Enterprise
2023-03-16,210.3,217.12,208.97,216.98,438500,AXON,Axon Enterprise
2023-03-15,212.53999,213.39999,207.3,211.21001,610200,AXON,Axon Enterprise
2023-03-14,214.77,216.17999,212.14,215.0,930900,AXON,Axon Enterprise
2023-03-13,209.56,214.78,207.0,211.0,714100,AXON,Axon Enterprise
2023-03-10,218.47,218.47,212.74001,213.0,598400,AXON,Axon Enterprise
2023-03-09,221.34,222.0,217.88,217.89,746200,AXON,Axon Enterprise
2023-03-08,226.0,226.0,220.57001,221.8,820700,AXON,Axon Enterprise
2023-03-07,222.12,224.49001,219.74001,222.24001,720300,AXON,Axon Enterprise
2023-03-06,217.59,223.81,216.12,221.38,804200,AXON,Axon Enterprise
2023-03-03,212.52,224.0,212.52,220.95,922500,AXON,Axon Enterprise
2023-03-02,215.0,219.69,212.2,218.31,1050800,AXON,Axon Enterprise
2023-03-01,208.74001,221.31,202.85001,221.059998,2166900,AXON,Axon Enterprise
2023-02-28,194.52,201.67,194.37,200.31,4875300,AXON,Axon Enterprise
2023-02-27,194.44,199.53,194.13,194.97,815500,AXON,Axon Enterprise
2023-02-24,192.25999,196.74001,191.50999,193.55,605800,AXON,Axon Enterprise
2023-02-23,195.53,196.55,192.52,195.039993,664000,AXON,Axon Enterprise
2023-02-22,191.14,194.87,190.41,193.59,459700,AXON,Axon Enterprise
2023-02-21,188.87,191.78,187.64,189.77,527100,AXON,Axon Enterprise
2023-02-17,192.86,193.56,186.50999,189.25999,836700,AXON,Axon Enterprise
2023-02-16,197.35001,200.97,195.91,196.050003,405200,AXON,Axon Enterprise
2023-02-15,194.78999,199.3,192.91,198.99001,395500,AXON,Axon Enterprise
2023-02-14,189.60001,194.31,188.42999,193.89999,426100,AXON,Axon Enterprise
2023-02-13,186.88,190.45,183.66,190.32001,562900,AXON,Axon Enterprise
2023-02-10,181.029999,187.83,180.97,184.55,630200,AXON,Axon Enterprise
2023-02-09,187.0,191.22,183.45,183.81,810500,AXON,Axon Enterprise
2023-02-08,186.78999,189.57001,184.74001,185.0,1162000,AXON,Axon Enterprise
2023-02-07,194.75999,194.75999,168.3,188.58,2400500,AXON,Axon Enterprise
2023-02-06,197.36,200.69,194.58,195.95,558500,AXON,Axon Enterprise
2023-02-03,196.2,202.44,195.7,198.19,461400,AXON,Axon Enterprise
2023-02-02,200.0,204.99001,196.41,198.53999,681300,AXON,Axon Enterprise
2023-02-01,197.16,199.44,192.71001,198.39,511400,AXON,Axon Enterprise
2023-01-31,191.8,195.64,191.8,195.44,790200,AXON,Axon Enterprise
2023-01-30,191.27,198.39999,189.75,191.46001,812600,AXON,Axon Enterprise
2023-01-27,192.28999,193.69,188.72,191.61,880600,AXON,Axon Enterprise
2023-01-26,193.91,194.73,186.72,192.33,718400,AXON,Axon Enterprise
2023-01-25,188.34,193.17999,184.039993,192.17999,556000,AXON,Axon Enterprise
2023-01-24,188.13,189.84,184.5,188.96001,577800,AXON,Axon Enterprise
2023-01-23,187.22,194.8,185.92,188.95,1460300,AXON,Axon Enterprise
2023-01-20,186.080002,186.5,182.72,185.020004,585200,AXON,Axon Enterprise
2023-01-19,181.52,185.5,181.52,184.059998,567000,AXON,Axon Enterprise
2023-01-18,186.33,188.75999,181.66,182.27,559100,AXON,Axon Enterprise
2023-01-17,188.31,189.14,184.27,184.47,582100,AXON,Axon Enterprise
2023-01-13,182.69,189.62,182.13,188.13,774900,AXON,Axon Enterprise
2023-01-12,181.44,184.64999,179.0099945,184.080002,519200,AXON,Axon Enterprise
2023-01-11,180.87,183.25,178.020004,181.42999,637900,AXON,Axon Enterprise
2023-01-10,177.77,181.19,176.99001,179.33,489500,AXON,Axon Enterprise
2023-01-09,171.96001,178.87,171.96001,177.45,740700,AXON,Axon Enterprise
2023-01-06,166.47,171.52,166.14,170.89999,372900,AXON,Axon Enterprise
2023-01-05,166.97,170.66,165.72,165.74001,537100,AXON,Axon Enterprise
2023-01-04,168.24001,171.13,166.64999,168.75999,438100,AXON,Axon Enterprise
2023-01-03,167.88,168.92,164.67,168.24001,441500,AXON,Axon Enterprise
2022-12-30,163.87,166.71001,162.39,165.92999,341500,AXON,Axon Enterprise
2022-12-29,166.49001,168.2,165.16,165.58,296200,AXON,Axon Enterprise
2022-12-28,165.87,167.81,164.25,165.10001,290300,AXON,Axon Enterprise
2022-12-27,168.73,172.48,166.23,166.25,291200,AXON,Axon Enterprise
2022-12-23,168.2,171.24001,165.5,168.98,306600,AXON,Axon Enterprise
2022-12-22,172.64,173.11,165.63,167.82001,370300,AXON,Axon Enterprise
2022-12-21,172.63,175.64999,171.86,174.72,500100,AXON,Axon Enterprise
2022-12-20,167.2,171.87,166.61,171.37,579000,AXON,Axon Enterprise
2022-12-19,168.96001,171.42,166.64999,167.57001,471000,AXON,Axon Enterprise
2022-12-16,169.73,171.96001,168.28999,169.34,709700,AXON,Axon Enterprise
2022-12-15,172.2,172.83,169.78999,171.059998,393200,AXON,Axon Enterprise
2022-12-14,171.45,175.74001,170.070007,173.52,412300,AXON,Axon Enterprise
2022-12-13,175.28999,175.49001,169.25,170.81,596100,AXON,Axon Enterprise
2022-12-12,170.25999,171.22,168.44,168.59,394700,AXON,Axon Enterprise
2022-12-09,171.62,172.73,168.38,168.61,399200,AXON,Axon Enterprise
2022-12-08,171.78,175.0,169.83,171.71001,536100,AXON,Axon Enterprise
2022-12-07,170.41,171.84,168.3,170.16,1164700,AXON,Axon Enterprise
2022-12-06,176.89999,176.89999,168.69,169.42999,1060600,AXON,Axon Enterprise
2022-12-05,186.39,188.31,183.19,184.0099945,423100,AXON,Axon Enterprise
2022-12-02,183.24001,190.48,181.57001,188.83,449400,AXON,Axon Enterprise
2022-12-01,177.95,186.94,176.38,185.55,772700,AXON,Axon Enterprise
2022-11-30,181.28,185.14999,180.59,184.029999,836600,AXON,Axon Enterprise
2022-11-29,184.22,185.21001,181.080002,181.25999,428200,AXON,Axon Enterprise
2022-11-28,187.0,188.67,183.64999,183.94,365000,AXON,Axon Enterprise
2022-11-25,187.37,188.28,185.86,187.92,266000,AXON,Axon Enterprise
2022-11-23,188.66,189.85001,186.8,187.75,412800,AXON,Axon Enterprise
2022-11-22,187.059998,188.0,184.029999,187.31,409800,AXON,Axon Enterprise
2022-11-21,184.71001,188.98,182.11,186.95,353400,AXON,Axon Enterprise
2022-11-18,193.85001,193.85001,183.94,185.22,853800,AXON,Axon Enterprise
2022-11-17,189.10001,192.24001,186.14999,192.14,539800,AXON,Axon Enterprise
2022-11-16,187.11,191.39,180.73,191.039993,645500,AXON,Axon Enterprise
2022-11-15,180.72,188.19,180.61,187.96001,725400,AXON,Axon Enterprise
2022-11-14,180.53,185.25,177.61,180.89,654800,AXON,Axon Enterprise
2022-11-11,178.17,188.74001,178.0,182.94,842500,AXON,Axon Enterprise
2022-11-10,177.0,184.75,175.0,182.75,871700,AXON,Axon Enterprise
2022-11-09,162.0,177.88,161.7,171.84,1628000,AXON,Axon Enterprise
2022-11-08,149.0,150.0099945,144.82001,150.0,718800,AXON,Axon Enterprise
2022-11-07,149.28999,149.28999,145.5,148.44,554400,AXON,Axon Enterprise
2022-11-04,149.71001,149.82001,143.67999,148.66,535800,AXON,Axon Enterprise
2022-11-03,142.67999,148.56,142.46001,147.39999,795700,AXON,Axon Enterprise
2022-11-02,146.61,149.64999,144.82001,145.22,842400,AXON,Axon Enterprise
2022-11-01,147.17,148.67999,145.42999,147.59,631600,AXON,Axon Enterprise
2022-10-31,142.17,145.5,140.64,145.44,556300,AXON,Axon Enterprise
2022-10-28,140.27,142.17999,138.61,142.070007,372400,AXON,Axon Enterprise
2022-10-27,137.94,140.62,136.53,139.99001,395200,AXON,Axon Enterprise
2022-10-26,135.91,141.14,135.020004,137.029999,531100,AXON,Axon Enterprise
2022-10-25,138.059998,139.82001,134.48,137.12,629600,AXON,Axon Enterprise
2022-10-24,130.96001,139.19,129.5,137.87,810100,AXON,Axon Enterprise
2022-10-21,126.6,130.78,124.11,130.60001,352000,AXON,Axon Enterprise
2022-10-20,123.19,128.37,123.17,126.61,346000,AXON,Axon Enterprise
2022-10-19,127.96,128.28999,121.78,124.35,611400,AXON,Axon Enterprise
2022-10-18,128.28999,129.92,126.22,128.16,471100,AXON,Axon Enterprise
2022-10-17,121.89,125.77,121.89,124.73,302900,AXON,Axon Enterprise
2022-10-14,122.41,122.98,117.35,119.45,402100,AXON,Axon Enterprise
2022-10-13,118.010002,122.040001,115.029999,120.92,365300,AXON,Axon Enterprise
2022-10-12,121.35,122.45,119.67,120.58,269400,AXON,Axon Enterprise
2022-10-11,125.79,127.83,120.18,121.35,523500,AXON,Axon Enterprise
2022-10-10,124.13,128.089996,121.53,126.16,564900,AXON,Axon Enterprise
2022-10-07,123.94,124.55,121.63,123.75,403500,AXON,Axon Enterprise
2022-10-06,123.57,128.78999,123.57,126.44,470300,AXON,Axon Enterprise
2022-10-05,119.17,124.23,118.56,123.29,557400,AXON,Axon Enterprise
2022-10-04,119.45,121.7,119.26,120.95,322300,AXON,Axon Enterprise
2022-10-03,116.089996,116.99,112.54,115.97,287300,AXON,Axon Enterprise
2022-09-30,113.92,118.69,113.92,115.75,447200,AXON,Axon Enterprise
2022-09-29,113.75,114.7,111.33,114.16,372300,AXON,Axon Enterprise
2022-09-28,113.94,116.059998,113.32,115.69,261700,AXON,Axon Enterprise
2022-09-27,111.89,113.92,109.47,113.24,418200,AXON,Axon Enterprise
2022-09-26,112.42,114.88,110.010002,110.65,375200,AXON,Axon Enterprise
2022-09-23,110.0,113.76,109.31,113.46,434000,AXON,Axon Enterprise
2022-09-22,115.2,115.2,110.89,111.95,477300,AXON,Axon Enterprise
2022-09-21,118.2,120.53,116.13,116.19,452100,AXON,Axon Enterprise
2022-09-20,116.7,117.92,114.2,117.089996,292100,AXON,Axon Enterprise
2022-09-19,118.040001,119.89,115.69,117.96,271800,AXON,Axon Enterprise
2022-09-16,118.099998,119.43,115.59,118.34,1338500,AXON,Axon Enterprise
2022-09-15,120.25,122.59,118.5,120.17,287300,AXON,Axon Enterprise
2022-09-14,118.98,120.21,116.010002,120.010002,314800,AXON,Axon Enterprise
2022-09-13,119.8,120.42,117.9,118.72,293200,AXON,Axon Enterprise
2022-09-12,124.99,125.4,122.62,124.8,332300,AXON,Axon Enterprise
2022-09-09,123.059998,125.12,123.059998,124.19,230100,AXON,Axon Enterprise
2022-09-08,122.15,124.5,121.61,122.73,229800,AXON,Axon Enterprise
2022-09-07,117.8,124.17,117.28,123.73,357100,AXON,Axon Enterprise
2022-09-06,115.44,117.88,114.58,117.71,478700,AXON,Axon Enterprise
2022-09-02,116.75,116.97,113.42,115.78,569300,AXON,Axon Enterprise
2022-09-01,115.13,115.83,111.93,115.0,295900,AXON,Axon Enterprise
2022-08-31,118.44,120.14,115.63,116.68,270900,AXON,Axon Enterprise
2022-08-30,121.33,124.21,117.010002,117.71,239800,AXON,Axon Enterprise
2022-08-29,120.38,122.019997,118.55,120.62,252700,AXON,Axon Enterprise
2022-08-26,127.7,127.7,122.019997,122.24,266000,AXON,Axon Enterprise
2022-08-25,124.18,127.76,123.86,127.66,225200,AXON,Axon Enterprise
2022-08-24,121.81,125.25,121.76,123.38,231100,AXON,Axon Enterprise
2022-08-23,128.12,129.16,121.81,121.86,329700,AXON,Axon Enterprise
2022-08-22,127.59,129.72,126.2,128.14,631300,AXON,Axon Enterprise
2022-08-19,130.78999,131.36,129.49001,130.7,405600,AXON,Axon Enterprise
2022-08-18,131.61,132.17999,130.25999,132.14,318900,AXON,Axon Enterprise
2022-08-17,131.039993,132.41,129.020004,130.57001,250100,AXON,Axon Enterprise
2022-08-16,130.64999,133.25999,129.039993,133.23,330200,AXON,Axon Enterprise
2022-08-15,127.48,132.71001,127.48,131.92,322800,AXON,Axon Enterprise
2022-08-12,124.0,129.56,123.15,129.49001,477100,AXON,Axon Enterprise
2022-08-11,126.49,127.4,123.31,124.099998,348500,AXON,Axon Enterprise
2022-08-10,119.43,129.48,119.35,126.07,803600,AXON,Axon Enterprise
2022-08-09,114.22,114.96,111.019997,111.62,380100,AXON,Axon Enterprise
2022-08-08,117.89,120.61,115.78,116.23,316000,AXON,Axon Enterprise
2022-08-05,114.98,117.47,114.099998,116.29,258400,AXON,Axon Enterprise
2022-08-04,117.059998,117.99,114.32,116.6,226300,AXON,Axon Enterprise
2022-08-03,114.34,116.95,113.58,116.67,226800,AXON,Axon Enterprise
2022-08-02,109.63,113.93,109.63,113.010002,268600,AXON,Axon Enterprise
2022-08-01,109.38,112.27,107.5,111.0,312500,AXON,Axon Enterprise
2022-07-29,107.33,111.13,106.11,110.19,389400,AXON,Axon Enterprise
2022-07-28,104.54,108.41,104.54,107.92,275000,AXON,Axon Enterprise
2022-07-27,100.43,104.72,99.52,104.41,276900,AXON,Axon Enterprise
2022-07-26,100.89,100.89,97.86,98.84,263800,AXON,Axon Enterprise
2022-07-25,102.12,102.4,99.75,101.4,252100,AXON,Axon Enterprise
2022-07-22,105.14,105.21,101.22,102.12,185700,AXON,Axon Enterprise
2022-07-21,103.54,105.63,103.3,104.47,227000,AXON,Axon Enterprise
2022-07-20,98.62,103.98,97.84,103.48,313900,AXON,Axon Enterprise
2022-07-19,96.63,98.45,95.93,97.63,296200,AXON,Axon Enterprise
2022-07-18,95.57,97.71,94.86,95.050003,338600,AXON,Axon Enterprise
2022-07-15,92.54,94.99,91.85,94.65,225700,AXON,Axon Enterprise
2022-07-14,91.15,91.99,88.61,91.26,207200,AXON,Axon Enterprise
2022-07-13,91.61,94.17,90.3,92.57,209800,AXON,Axon Enterprise
2022-07-12,94.52,95.71,91.48,92.49,287900,AXON,Axon Enterprise
2022-07-11,96.45,96.45,92.66,93.62,235100,AXON,Axon Enterprise
2022-07-08,95.98,97.92,94.44,96.85,214600,AXON,Axon Enterprise
2022-07-07,93.99,98.69,93.99,97.9,271700,AXON,Axon Enterprise
2022-07-06,96.25,96.79,92.0,94.029999,279200,AXON,Axon Enterprise
2022-07-05,92.63,95.73,89.76,95.65,355800,AXON,Axon Enterprise
2022-07-01,93.72,94.54,91.37,93.23,279000,AXON,Axon Enterprise
2022-06-30,94.17,95.36,90.67,93.17,306100,AXON,Axon Enterprise
2022-06-29,95.44,96.22,92.25,95.64,333100,AXON,Axon Enterprise
2022-06-28,97.41,98.98,94.58,95.0,370800,AXON,Axon Enterprise
2022-06-27,96.65,97.13,93.69,96.79,451500,AXON,Axon Enterprise
2022-06-24,92.14,96.59,92.0,96.16,803700,AXON,Axon Enterprise
2022-06-23,86.97,91.39,86.33,91.029999,473900,AXON,Axon Enterprise
2022-06-22,83.77,87.89,83.010002,86.36,479500,AXON,Axon Enterprise
2022-06-21,88.38,90.15,84.080002,84.44,760600,AXON,Axon Enterprise
2022-06-17,86.16,89.17,86.040001,87.61,1249500,AXON,Axon Enterprise
2022-06-16,88.07,89.26,83.79,85.12,625100,AXON,Axon Enterprise
2022-06-15,89.17,92.099998,88.29,90.88,649400,AXON,Axon Enterprise
2022-06-14,90.089996,90.45,86.21,87.51,555000,AXON,Axon Enterprise
2022-06-13,92.38,93.49,88.9,89.81,509800,AXON,Axon Enterprise
2022-06-10,98.2,99.48,95.22,96.51,313800,AXON,Axon Enterprise
2022-06-09,102.65,103.33,100.010002,101.040001,288300,AXON,Axon Enterprise
2022-06-08,103.99,105.86,102.7,102.88,197000,AXON,Axon Enterprise
2022-06-07,101.32,104.98,100.86,104.07,187900,AXON,Axon Enterprise
2022-06-06,104.0,105.87,100.98,102.68,376100,AXON,Axon Enterprise
2022-06-03,102.94,104.76,101.64,103.089996,344400,AXON,Axon Enterprise
2022-06-02,99.25,105.29,99.25,105.11,307500,AXON,Axon Enterprise
2022-06-01,101.8,104.21,97.91,99.35,274800,AXON,Axon Enterprise
2022-05-31,102.14,102.65,99.059998,101.36,396900,AXON,Axon Enterprise
2022-05-27,99.91,102.86,98.5,102.52,300900,AXON,Axon Enterprise
2022-05-26,96.010002,99.41,96.010002,98.52,315200,AXON,Axon Enterprise
2022-05-25,91.45,95.81,91.45,95.54,338900,AXON,Axon Enterprise
2022-05-24,93.34,93.47,89.9,92.56,319700,AXON,Axon Enterprise
2022-05-23,95.77,97.080002,90.81,94.74,525900,AXON,Axon Enterprise
2022-05-20,100.99,101.31,96.82,99.4,412600,AXON,Axon Enterprise
2022-05-19,96.059998,99.97,96.059998,98.58,459700,AXON,Axon Enterprise
2022-05-18,95.37,97.84,94.78,96.25,465000,AXON,Axon Enterprise
2022-05-17,98.010002,99.98,93.91,96.8,499200,AXON,Axon Enterprise
2022-05-16,95.84,97.87,93.0,95.44,441700,AXON,Axon Enterprise
2022-05-13,90.37,100.16,90.37,98.22,640300,AXON,Axon Enterprise
2022-05-12,83.6,89.36,82.49,87.040001,600700,AXON,Axon Enterprise
2022-05-11,87.16,93.42,83.58,84.37,890700,AXON,Axon Enterprise
2022-05-10,92.68,94.0,85.88,89.46,671200,AXON,Axon Enterprise
2022-05-09,93.91,93.91,87.35,87.89,1076000,AXON,Axon Enterprise
2022-05-06,97.5,99.0,94.8,95.99,529400,AXON,Axon Enterprise
2022-05-05,116.76,116.81,96.32,99.51,922900,AXON,Axon Enterprise
2022-05-04,116.17,116.76,108.47,115.54,359600,AXON,Axon Enterprise
2022-05-03,116.029999,118.17,114.029999,114.85,225700,AXON,Axon Enterprise
2022-05-02,112.35,116.67,110.74,116.26,292600,AXON,Axon Enterprise
2022-04-29,115.33,118.65,111.78,112.2,238900,AXON,Axon Enterprise
2022-04-28,114.98,116.28,111.38,116.059998,637300,AXON,Axon Enterprise
2022-04-27,113.82,115.86,112.33,113.64,294700,AXON,Axon Enterprise
2022-04-26,119.61,119.92,113.34,113.34,338700,AXON,Axon Enterprise
2022-04-25,117.13,121.18,115.64,120.79,338100,AXON,Axon Enterprise
2022-04-22,121.35,123.51,118.010002,118.019997,406800,AXON,Axon Enterprise
2022-04-21,126.76,128.050003,120.14,120.65,404700,AXON,Axon Enterprise
2022-04-20,129.36,129.42,124.43,124.64,487500,AXON,Axon Enterprise
2022-04-19,122.050003,130.47,121.92,130.0,379400,AXON,Axon Enterprise
2022-04-18,122.14,122.52,118.010002,122.33,312600,AXON,Axon Enterprise
2022-04-14,125.4,125.44,122.029999,123.22,285500,AXON,Axon Enterprise
2022-04-13,125.63,127.47,124.010002,125.27,454800,AXON,Axon Enterprise
2022-04-12,126.0,128.089996,124.39,125.63,385300,AXON,Axon Enterprise
2022-04-11,126.4,128.0099945,124.32,124.4,384900,AXON,Axon Enterprise
2022-04-08,132.64,133.0099945,127.81,127.82,284100,AXON,Axon Enterprise
2022-04-07,130.13,133.57001,130.13,132.78999,286700,AXON,Axon Enterprise
2022-04-06,136.75999,136.75999,130.12,131.17,340700,AXON,Axon Enterprise
2022-04-05,141.17,141.84,137.86,138.92999,469000,AXON,Axon Enterprise
2022-04-04,140.21001,142.5,139.14,140.0,517300,AXON,Axon Enterprise
2022-04-01,137.69,140.0,137.37,139.31,689400,AXON,Axon Enterprise
2022-03-31,139.0,139.96001,137.25,137.73,491800,AXON,Axon Enterprise
2022-03-30,138.81,139.3,135.25999,139.0,443000,AXON,Axon Enterprise
2022-03-29,136.21001,140.33,136.21001,138.99001,466900,AXON,Axon Enterprise
2022-03-28,132.32001,135.67,131.36,135.11,309000,AXON,Axon Enterprise
2022-03-25,139.25999,139.25999,132.17,132.69,294700,AXON,Axon Enterprise
2022-03-24,135.95,138.84,134.050003,138.14999,310500,AXON,Axon Enterprise
2022-03-23,136.91,137.35001,133.86,134.82001,360200,AXON,Axon Enterprise
2022-03-22,134.32001,138.37,133.50999,137.67,302300,AXON,Axon Enterprise
2022-03-21,133.64999,135.37,131.12,134.37,287100,AXON,Axon Enterprise
2022-03-18,131.83,136.86,131.83,134.89,1037300,AXON,Axon Enterprise
2022-03-17,126.45,131.66,124.88,131.34,330300,AXON,Axon Enterprise
2022-03-16,123.72,127.39,122.86,127.3,350900,AXON,Axon Enterprise
2022-03-15,121.22,121.64,118.59,121.18,318100,AXON,Axon Enterprise
2022-03-14,124.059998,126.0,117.78,120.3,389400,AXON,Axon Enterprise
2022-03-11,132.87,132.87,124.58,124.66,274400,AXON,Axon Enterprise
2022-03-10,128.96001,131.13,126.9,130.33,298000,AXON,Axon Enterprise
2022-03-09,127.32,132.48,126.93,131.63,256800,AXON,Axon Enterprise
2022-03-08,125.16,127.97,122.63,125.029999,331900,AXON,Axon Enterprise
2022-03-07,137.94,139.14,125.83,126.13,688600,AXON,Axon Enterprise
2022-03-04,140.52,143.17,136.17,138.13,340200,AXON,Axon Enterprise
2022-03-03,146.059998,146.50999,138.85001,140.14999,305900,AXON,Axon Enterprise
2022-03-02,142.17,145.47,138.61,144.61,374400,AXON,Axon Enterprise
2022-03-01,138.73,144.42999,138.080002,142.12,524900,AXON,Axon Enterprise
2022-02-28,134.25,142.14,133.60001,140.25,656000,AXON,Axon Enterprise
2022-02-25,135.49001,135.84,125.059998,134.14,661500,AXON,Axon Enterprise
2022-02-24,118.38,130.45,117.050003,130.14999,582300,AXON,Axon Enterprise
2022-02-23,128.14,129.37,121.91,122.44,393400,AXON,Axon Enterprise
2022-02-22,127.68,130.63,125.81,126.76,365700,AXON,Axon Enterprise
2022-02-18,132.78999,133.98,128.34,128.47,331800,AXON,Axon Enterprise
2022-02-17,139.53999,139.53999,132.46001,132.58,302800,AXON,Axon Enterprise
2022-02-16,142.28,143.28999,139.34,141.41,161600,AXON,Axon Enterprise
2022-02-15,142.14,144.089996,140.60001,143.25,237700,AXON,Axon Enterprise
2022-02-14,139.2,143.52,137.50999,140.50999,341400,AXON,Axon Enterprise
2022-02-11,145.24001,145.5,138.36,139.59,412200,AXON,Axon Enterprise
2022-02-10,144.72,148.28999,143.22,144.17999,535400,AXON,Axon Enterprise
2022-02-09,147.17999,148.87,145.75999,148.75,286200,AXON,Axon Enterprise
2022-02-08,143.12,148.11,142.39,145.33,317000,AXON,Axon Enterprise
2022-02-07,142.99001,145.92,142.27,144.46001,431700,AXON,Axon Enterprise
2022-02-04,140.41,144.59,137.57001,142.99001,303700,AXON,Axon Enterprise
2022-02-03,139.16,140.67999,137.42,139.99001,363600,AXON,Axon Enterprise
2022-02-02,144.3,144.3,141.25999,142.14999,327300,AXON,Axon Enterprise
2022-02-01,142.050003,144.039993,139.039993,144.0,419700,AXON,Axon Enterprise
2022-01-31,136.74001,141.0,136.0,139.92999,495400,AXON,Axon Enterprise
2022-01-28,129.72,136.11,128.31,136.070007,551000,AXON,Axon Enterprise
2022-01-27,129.17999,130.84,127.28,129.39999,825100,AXON,Axon Enterprise
2022-01-26,129.72,135.0,127.37,128.19,487500,AXON,Axon Enterprise
2022-01-25,133.0,135.59,128.0099945,128.070007,1096000,AXON,Axon Enterprise
2022-01-24,130.070007,135.88,124.66,135.59,848000,AXON,Axon Enterprise
2022-01-21,132.97,136.49001,131.36,132.96001,632200,AXON,Axon Enterprise
2022-01-20,133.71001,137.58,133.60001,133.82001,393900,AXON,Axon Enterprise
2022-01-19,132.42,135.37,130.8,132.55,484300,AXON,Axon Enterprise
2022-01-18,137.14,137.53,132.0,132.2,487400,AXON,Axon Enterprise
2022-01-14,140.63,143.13,135.14999,137.17,633000,AXON,Axon Enterprise
2022-01-13,151.89999,152.48,143.44,143.64999,385300,AXON,Axon Enterprise
2022-01-12,150.67999,151.82001,146.42,151.029999,498400,AXON,Axon Enterprise
2022-01-11,147.34,150.23,145.91,149.75999,339300,AXON,Axon Enterprise
2022-01-10,143.62,147.74001,140.62,147.50999,593400,AXON,Axon Enterprise
2022-01-07,150.0099945,151.89,144.81,145.19,766000,AXON,Axon Enterprise
2022-01-06,148.23,151.59,146.0,150.14,760400,AXON,Axon Enterprise
2022-01-05,150.63,150.81,146.91,147.99001,1573200,AXON,Axon Enterprise
2022-01-04,151.96001,152.39999,149.13,151.50999,849300,AXON,Axon Enterprise
2022-01-03,156.60001,157.5,150.85001,152.87,443500,AXON,Axon Enterprise
2021-12-31,155.17,157.25,154.58,157.0,471300,AXON,Axon Enterprise
2021-12-30,153.96001,157.67999,153.96001,156.070007,215400,AXON,Axon Enterprise
2021-12-29,153.25,155.55,151.8,154.7,226700,AXON,Axon Enterprise
2021-12-28,160.95,161.0,153.63,153.81,236300,AXON,Axon Enterprise
2021-12-27,160.60001,162.57001,159.39999,161.12,380700,AXON,Axon Enterprise
2021-12-23,160.0,162.25,158.71001,160.53999,324700,AXON,Axon Enterprise
2021-12-22,156.27,159.53999,153.58,159.0099945,484700,AXON,Axon Enterprise
2021-12-21,150.61,157.46001,149.0,156.7,759300,AXON,Axon Enterprise
2021-12-20,146.0,152.14,144.92999,150.86,824500,AXON,Axon Enterprise
2021-12-17,141.53999,146.21001,139.60001,144.92999,865700,AXON,Axon Enterprise
2021-12-16,148.14,148.55,141.25999,142.11,432900,AXON,Axon Enterprise
2021-12-15,144.92999,147.77,142.14999,147.53999,549600,AXON,Axon Enterprise
2021-12-14,143.050003,148.81,141.25999,145.73,858300,AXON,Axon Enterprise
2021-12-13,141.67,144.49001,138.67999,138.89,565100,AXON,Axon Enterprise
2021-12-10,147.84,148.32001,139.41,141.45,810200,AXON,Axon Enterprise
2021-12-09,152.89999,153.49001,146.32001,146.47,587200,AXON,Axon Enterprise
2021-12-08,153.78999,153.78999,149.57001,151.47,629700,AXON,Axon Enterprise
2021-12-07,150.52,155.78999,148.8,153.78999,652100,AXON,Axon Enterprise
2021-12-06,150.25,150.96001,145.94,148.22,663500,AXON,Axon Enterprise
2021-12-03,160.029999,160.080002,149.38,151.41,753000,AXON,Axon Enterprise
2021-12-02,164.53,164.89999,158.35001,159.36,575600,AXON,Axon Enterprise
2021-12-01,162.81,172.63,162.10001,164.77,503700,AXON,Axon Enterprise
2021-11-30,177.73,181.080002,168.75,168.78999,651500,AXON,Axon Enterprise
2021-11-29,178.59,180.67,176.61,179.75,389300,AXON,Axon Enterprise
2021-11-26,176.72,181.11,174.46001,177.2,260100,AXON,Axon Enterprise
2021-11-24,174.46001,180.27,173.32001,179.86,418300,AXON,Axon Enterprise
2021-11-23,180.28999,182.32001,170.53999,174.35001,643500,AXON,Axon Enterprise
2021-11-22,182.12,186.84,179.25999,180.98,660300,AXON,Axon Enterprise
2021-11-19,174.84,183.42999,174.84,181.94,827000,AXON,Axon Enterprise
2021-11-18,172.66,180.87,172.0,174.42999,543600,AXON,Axon Enterprise
2021-11-17,180.39999,180.44,172.39999,172.89,947600,AXON,Axon Enterprise
2021-11-16,208.84,209.0,174.78,177.78999,3145200,AXON,Axon Enterprise
2021-11-15,172.23,173.58,167.25,167.41,750100,AXON,Axon Enterprise
2021-11-12,169.52,170.81,168.23,170.41,432500,AXON,Axon Enterprise
2021-11-11,171.11,171.5,168.28999,168.95,293600,AXON,Axon Enterprise
2021-11-10,175.0099945,177.27,169.36,170.25,303300,AXON,Axon Enterprise
2021-11-09,176.78,180.059998,175.35001,176.39999,386000,AXON,Axon Enterprise
2021-11-08,182.5,182.61,176.050003,176.64999,445100,AXON,Axon Enterprise
2021-11-05,186.10001,188.8,181.67999,182.64,351600,AXON,Axon Enterprise
2021-11-04,186.10001,187.83,182.95,184.53999,232600,AXON,Axon Enterprise
2021-11-03,182.2,185.41,181.5,184.91,282300,AXON,Axon Enterprise
2021-11-02,181.72,182.25,179.36,181.60001,291100,AXON,Axon Enterprise
2021-11-01,180.99001,182.69,178.96001,180.67,359800,AXON,Axon Enterprise
2021-10-29,174.21001,180.5,173.77,179.96001,342500,AXON,Axon Enterprise
2021-10-28,175.98,177.95,173.16,174.64,312900,AXON,Axon Enterprise
2021-10-27,180.61,182.039993,176.089996,176.3,248900,AXON,Axon Enterprise
2021-10-26,182.17999,183.55,179.46001,180.2,318900,AXON,Axon Enterprise
2021-10-25,184.86,184.86,179.62,179.8,370500,AXON,Axon Enterprise
2021-10-22,185.35001,186.0,179.7,182.64999,276000,AXON,Axon Enterprise
2021-10-21,179.33,185.42999,179.3,184.60001,432200,AXON,Axon Enterprise
2021-10-20,186.39,187.41,178.88,179.050003,300300,AXON,Axon Enterprise
2021-10-19,183.029999,185.86,181.080002,185.27,295600,AXON,Axon Enterprise
2021-10-18,177.27,182.81,176.31,181.7,194900,AXON,Axon Enterprise
2021-10-15,179.77,180.50999,177.73,177.94,218200,AXON,Axon Enterprise
2021-10-14,178.52,180.61,177.7,179.029999,223100,AXON,Axon Enterprise
2021-10-13,173.12,177.37,172.62,176.62,219600,AXON,Axon Enterprise
2021-10-12,168.23,173.020004,168.0,171.42999,141400,AXON,Axon Enterprise
2021-10-11,164.28,171.3,162.75999,167.5,214900,AXON,Axon Enterprise
2021-10-08,169.35001,169.85001,164.32001,164.55,158700,AXON,Axon Enterprise
2021-10-07,166.78999,170.25999,166.55,168.94,176400,AXON,Axon Enterprise
2021-10-06,164.059998,166.99001,161.85001,166.020004,258900,AXON,Axon Enterprise
2021-10-05,166.95,170.0,164.64999,165.28,380900,AXON,Axon Enterprise
2021-10-04,177.56,177.56,164.62,166.089996,531400,AXON,Axon Enterprise
2021-10-01,176.44,179.32001,173.53999,178.77,276100,AXON,Axon Enterprise
2021-09-30,176.28,179.10001,174.75,175.020004,362800,AXON,Axon Enterprise
2021-09-29,178.73,180.2,174.67,175.14,290700,AXON,Axon Enterprise
2021-09-28,177.88,178.38,172.85001,177.59,727700,AXON,Axon Enterprise
2021-09-27,178.89999,179.73,177.67999,179.020004,248800,AXON,Axon Enterprise
2021-09-24,175.61,180.53,175.61,179.75,233300,AXON,Axon Enterprise
2021-09-23,175.83,177.58,174.16,176.73,194100,AXON,Axon Enterprise
2021-09-22,175.39999,176.080002,173.53,175.0,228200,AXON,Axon Enterprise
2021-09-21,173.87,176.74001,173.87,174.64999,276800,AXON,Axon Enterprise
2021-09-20,169.91,173.82001,168.75999,172.94,444200,AXON,Axon Enterprise
2021-09-17,176.74001,178.3,170.28999,172.38,1347000,AXON,Axon Enterprise
2021-09-16,177.83,180.39,177.83,179.53999,275900,AXON,Axon Enterprise
2021-09-15,176.0099945,178.71001,172.67,177.83,312000,AXON,Axon Enterprise
2021-09-14,175.64,179.39,175.64,177.25999,256800,AXON,Axon Enterprise
2021-09-13,180.0,180.50999,175.13,176.25,286000,AXON,Axon Enterprise
2021-09-10,183.28,183.28,178.8,179.81,324400,AXON,Axon Enterprise
2021-09-09,182.99001,187.089996,180.95,181.14999,338600,AXON,Axon Enterprise
2021-09-08,181.85001,183.74001,180.16,182.56,228400,AXON,Axon Enterprise
2021-09-07,184.27,185.99001,181.59,182.67,281400,AXON,Axon Enterprise
2021-09-03,182.0,185.52,180.64999,184.89,204500,AXON,Axon Enterprise
2021-09-02,181.62,184.91,181.059998,182.87,240400,AXON,Axon Enterprise
2021-09-01,181.78,184.67,181.22,181.64999,529300,AXON,Axon Enterprise
2021-08-31,193.41,194.0,181.61,181.87,547900,AXON,Axon Enterprise
2021-08-30,187.86,193.22,185.86,192.84,428400,AXON,Axon Enterprise
2021-08-27,186.020004,189.5,185.95,187.0099945,322400,AXON,Axon Enterprise
2021-08-26,187.23,188.67,183.69,185.14999,421800,AXON,Axon Enterprise
2021-08-25,186.3,187.88,184.28,186.39999,563500,AXON,Axon Enterprise
2021-08-24,187.3,188.0,184.82001,185.8,252300,AXON,Axon Enterprise
2021-08-23,187.25999,189.60001,186.33,186.73,222200,AXON,Axon Enterprise
2021-08-20,181.53999,186.92,181.23,186.83,196300,AXON,Axon Enterprise
2021-08-19,182.029999,184.32001,180.28999,181.52,167900,AXON,Axon Enterprise
2021-08-18,183.52,185.0,180.7,182.71001,172100,AXON,Axon Enterprise
2021-08-17,183.81,184.63,180.89,183.45,174500,AXON,Axon Enterprise
2021-08-16,183.39999,187.37,182.14999,186.24001,272100,AXON,Axon Enterprise
2021-08-13,186.61,188.35001,184.67,185.14,165600,AXON,Axon Enterprise
2021-08-12,183.53,187.39,181.7,186.45,246600,AXON,Axon Enterprise
2021-08-11,183.28,185.49001,180.5,184.64999,246000,AXON,Axon Enterprise
2021-08-10,191.78999,191.78999,183.35001,183.78999,359800,AXON,Axon Enterprise
2021-08-09,191.83,194.14,189.33,192.37,237700,AXON,Axon Enterprise
2021-08-06,196.39,198.0,189.96001,192.59,459800,AXON,Axon Enterprise
2021-08-05,190.42,195.28999,188.28999,193.49001,310200,AXON,Axon Enterprise
2021-08-04,187.050003,193.28,186.55,191.12,428800,AXON,Axon Enterprise
2021-08-03,189.39999,191.0,184.62,187.32001,369900,AXON,Axon Enterprise
2021-08-02,186.8,191.83,186.39999,189.64,592300,AXON,Axon Enterprise
2021-07-30,185.28,188.37,184.41,186.020004,257000,AXON,Axon Enterprise
2021-07-29,186.34,188.2,184.78,186.42,164400,AXON,Axon Enterprise
2021-07-28,180.53999,186.86,179.27,186.089996,263600,AXON,Axon Enterprise
2021-07-27,181.11,181.99001,176.55,180.53999,208100,AXON,Axon Enterprise
2021-07-26,183.3,184.78,180.73,182.039993,175900,AXON,Axon Enterprise
2021-07-23,180.72,184.0,179.28,183.029999,224200,AXON,Axon Enterprise
2021-07-22,181.75999,182.13,178.14,180.55,224500,AXON,Axon Enterprise
2021-07-21,180.059998,182.69,177.27,181.45,333800,AXON,Axon Enterprise
2021-07-20,175.97,182.66,172.75,180.56,451300,AXON,Axon Enterprise
2021-07-19,170.77,176.39,169.48,175.7,251400,AXON,Axon Enterprise
2021-07-16,174.3,177.059998,173.21001,173.75999,315500,AXON,Axon Enterprise
2021-07-15,177.73,178.60001,169.25999,173.61,305200,AXON,Axon Enterprise
2021-07-14,182.39,183.63,176.35001,177.31,242200,AXON,Axon Enterprise
2021-07-13,178.92999,185.28999,178.22,182.3,379400,AXON,Axon Enterprise
2021-07-12,178.95,180.60001,174.59,179.92,343800,AXON,Axon Enterprise
2021-07-09,178.74001,178.74001,175.22,178.28999,208700,AXON,Axon Enterprise
2021-07-08,170.5,177.94,168.41,177.67999,287100,AXON,Axon Enterprise
2021-07-07,177.21001,177.57001,172.92,175.81,215000,AXON,Axon Enterprise
2021-07-06,177.88,177.88,174.59,176.7,350700,AXON,Axon Enterprise
2021-07-02,174.78999,178.17,173.66,177.78999,266300,AXON,Axon Enterprise
2021-07-01,176.8,176.8,172.38,173.25999,430300,AXON,Axon Enterprise
2021-06-30,176.10001,179.3,175.7,176.8,573200,AXON,Axon Enterprise
2021-06-29,172.17,176.0,171.59,174.14,394700,AXON,Axon Enterprise
2021-06-28,174.14,176.0,170.66,172.059998,418200,AXON,Axon Enterprise
2021-06-25,169.0,173.0,167.36,172.17999,597100,AXON,Axon Enterprise
2021-06-24,166.92,168.12,164.45,167.87,312500,AXON,Axon Enterprise
2021-06-23,160.64999,167.61,160.64999,165.98,475000,AXON,Axon Enterprise
2021-06-22,158.27,161.10001,157.28999,160.62,302700,AXON,Axon Enterprise
2021-06-21,157.44,159.97,154.56,158.75999,258200,AXON,Axon Enterprise
2021-06-18,152.080002,163.16,152.080002,156.85001,861500,AXON,Axon Enterprise
2021-06-17,151.12,154.070007,151.10001,153.60001,571500,AXON,Axon Enterprise
2021-06-16,155.28999,156.84,151.11,152.0,552400,AXON,Axon Enterprise
2021-06-15,157.0,158.60001,153.99001,154.49001,407100,AXON,Axon Enterprise
2021-06-14,158.49001,160.070007,156.36,156.99001,821100,AXON,Axon Enterprise
2021-06-11,151.71001,157.78999,151.50999,157.44,509700,AXON,Axon Enterprise
2021-06-10,148.55,151.39999,147.12,150.72,229700,AXON,Axon Enterprise
2021-06-09,152.85001,153.0,147.82001,148.050003,361800,AXON,Axon Enterprise
2021-06-08,148.089996,151.99001,145.94,151.059998,481900,AXON,Axon Enterprise
2021-06-07,141.13,146.94,139.55,146.61,316500,AXON,Axon Enterprise
2021-06-04,138.34,141.34,138.34,141.16,206400,AXON,Axon Enterprise
2021-06-03,139.0,140.42,137.45,138.19,236000,AXON,Axon Enterprise
2021-06-02,139.53,141.86,137.32001,141.59,299200,AXON,Axon Enterprise
2021-06-01,142.42,142.95,136.53,139.14999,355100,AXON,Axon Enterprise
2021-05-28,140.089996,143.38,139.48,140.59,464300,AXON,Axon Enterprise
2021-05-27,136.12,139.78,135.070007,139.48,367400,AXON,Axon Enterprise
2021-05-26,131.89,137.28,131.38,136.059998,337100,AXON,Axon Enterprise
2021-05-25,130.64999,134.2,130.62,130.73,293400,AXON,Axon Enterprise
2021-05-24,128.81,131.61,127.86,129.99001,280100,AXON,Axon Enterprise
2021-05-21,131.5,131.99001,126.48,127.07,344600,AXON,Axon Enterprise
2021-05-20,127.81,131.5,127.089996,130.31,334900,AXON,Axon Enterprise
2021-05-19,123.81,128.3,123.53,126.8,581300,AXON,Axon Enterprise
2021-05-18,134.31,134.46001,121.089996,123.43,1138000,AXON,Axon Enterprise
2021-05-17,130.75,134.13,130.42999,133.59,346100,AXON,Axon Enterprise
2021-05-14,128.089996,133.089996,128.089996,132.75999,385000,AXON,Axon Enterprise
2021-05-13,124.56,127.76,123.019997,126.25,391600,AXON,Axon Enterprise
2021-05-12,129.13,130.12,123.27,124.089996,580500,AXON,Axon Enterprise
2021-05-11,125.0,134.64999,123.16,131.96001,552100,AXON,Axon Enterprise
2021-05-10,132.84,133.99001,127.5,129.0,387100,AXON,Axon Enterprise
2021-05-07,138.080002,141.11,132.070007,134.74001,610100,AXON,Axon Enterprise
2021-05-06,140.69,141.39,128.34,130.86,887400,AXON,Axon Enterprise
2021-05-05,142.47,144.87,140.16,141.24001,199200,AXON,Axon Enterprise
2021-05-04,148.0099945,148.33,141.72,142.46001,307700,AXON,Axon Enterprise
2021-05-03,152.25999,152.53,148.64999,148.98,187900,AXON,Axon Enterprise
2021-04-30,152.17,154.82001,151.0,151.61,195300,AXON,Axon Enterprise
2021-04-29,156.25999,157.020004,152.0,154.050003,197500,AXON,Axon Enterprise
2021-04-28,156.61,159.10001,154.7,155.55,223600,AXON,Axon Enterprise
2021-04-27,159.96001,161.50999,156.61,156.61,291600,AXON,Axon Enterprise
2021-04-26,154.64999,159.64,150.44,159.28999,488600,AXON,Axon Enterprise
2021-04-23,154.92,156.11,153.78,153.94,392700,AXON,Axon Enterprise
2021-04-22,150.10001,156.0,150.10001,153.64999,346500,AXON,Axon Enterprise
2021-04-21,149.89999,152.96001,147.66,149.89,324700,AXON,Axon Enterprise
2021-04-20,150.5,154.34,147.25999,150.78999,468100,AXON,Axon Enterprise
2021-04-19,150.5,151.11,145.2,150.55,489000,AXON,Axon Enterprise
2021-04-16,153.23,154.84,151.059998,152.74001,348500,AXON,Axon Enterprise
2021-04-15,155.0,156.059998,152.0,153.25,245600,AXON,Axon Enterprise
2021-04-14,153.48,156.37,152.089996,152.44,392500,AXON,Axon Enterprise
2021-04-13,150.0,152.62,148.75999,152.55,310000,AXON,Axon Enterprise
2021-04-12,149.16,149.81,145.5,149.17,310200,AXON,Axon Enterprise
2021-04-09,149.60001,150.53,145.35001,149.42,447300,AXON,Axon Enterprise
2021-04-08,148.070007,152.0,147.50999,150.57001,418300,AXON,Axon Enterprise
2021-04-07,147.029999,147.75999,144.46001,147.27,273200,AXON,Axon Enterprise
2021-04-06,147.059998,148.28,145.059998,145.60001,407500,AXON,Axon Enterprise
2021-04-05,146.2,147.25,144.0,146.33,559700,AXON,Axon Enterprise
2021-04-01,144.42,147.50999,142.55,143.059998,391000,AXON,Axon Enterprise
2021-03-31,140.36,143.96001,140.36,142.42,424900,AXON,Axon Enterprise
2021-03-30,134.17,140.17999,133.0,139.28,398100,AXON,Axon Enterprise
2021-03-29,137.49001,138.47,131.82001,134.32001,414500,AXON,Axon Enterprise
2021-03-26,137.50999,139.059998,131.69,137.82001,407200,AXON,Axon Enterprise
2021-03-25,130.0,137.089996,127.25,136.77,471300,AXON,Axon Enterprise
2021-03-24,140.39,140.5,133.050003,133.45,496100,AXON,Axon Enterprise
2021-03-23,144.0099945,146.0,138.8,139.62,355800,AXON,Axon Enterprise
2021-03-22,146.78,148.99001,144.33,144.77,422200,AXON,Axon Enterprise
2021-03-19,139.11,146.070007,137.87,144.75,857200,AXON,Axon Enterprise
2021-03-18,148.17,148.17,138.89,139.96001,341300,AXON,Axon Enterprise
2021-03-17,145.2,149.27,142.5,148.42999,327700,AXON,Axon Enterprise
2021-03-16,156.64,159.020004,144.71001,147.029999,411800,AXON,Axon Enterprise
2021-03-15,153.25999,155.28999,150.63,153.71001,423600,AXON,Axon Enterprise
2021-03-12,150.92,154.83,147.36,152.25999,370800,AXON,Axon Enterprise
2021-03-11,146.50999,153.75999,146.12,152.75999,796400,AXON,Axon Enterprise
2021-03-10,147.49001,150.78999,140.42999,141.10001,651400,AXON,Axon Enterprise
2021-03-09,143.48,147.89,143.070007,144.39999,496000,AXON,Axon Enterprise
2021-03-08,143.080002,147.0,137.5,138.59,490200,AXON,Axon Enterprise
2021-03-05,144.53999,145.0,128.0099945,143.039993,911100,AXON,Axon Enterprise
2021-03-04,151.83,155.36,138.25999,144.89999,1239800,AXON,Axon Enterprise
2021-03-03,164.64999,167.78999,153.94,155.0099945,634600,AXON,Axon Enterprise
2021-03-02,169.99001,172.71001,163.49001,166.14999,814400,AXON,Axon Enterprise
2021-03-01,170.74001,174.83,167.22,169.64999,1052200,AXON,Axon Enterprise
2021-02-26,160.89999,169.0,160.0,165.49001,652900,AXON,Axon Enterprise
2021-02-25,161.89999,168.74001,158.5,159.89999,572300,AXON,Axon Enterprise
2021-02-24,170.96001,171.82001,160.029999,161.45,815500,AXON,Axon Enterprise
2021-02-23,164.81,170.67999,156.89,169.14,659400,AXON,Axon Enterprise
2021-02-22,177.14999,180.0,168.95,170.0,495700,AXON,Axon Enterprise
2021-02-19,176.38,180.99001,175.99001,177.0,459500,AXON,Axon Enterprise
2021-02-18,176.21001,178.38,171.13,173.75,477400,AXON,Axon Enterprise
2021-02-17,177.17,180.89,175.0,178.38,785400,AXON,Axon Enterprise
2021-02-16,198.23,198.88,175.92,175.92999,1325000,AXON,Axon Enterprise
2021-02-12,202.0,202.46001,194.81,195.53999,914800,AXON,Axon Enterprise
2021-02-11,190.0,212.37,189.64,203.50999,2637000,AXON,Axon Enterprise
2021-02-10,185.0,190.039993,182.16,187.98,485500,AXON,Axon Enterprise
2021-02-09,180.24001,184.89,180.24001,183.16,397200,AXON,Axon Enterprise
2021-02-08,180.0,182.48,176.52,182.39,388600,AXON,Axon Enterprise
2021-02-05,178.22,178.52,172.97,177.17999,185600,AXON,Axon Enterprise
2021-02-04,169.8,175.57001,166.029999,175.34,433000,AXON,Axon Enterprise
2021-02-03,167.85001,169.059998,163.86,167.55,294300,AXON,Axon Enterprise
2021-02-02,171.62,171.95,165.0099945,166.53,357200,AXON,Axon Enterprise
2021-02-01,167.13,168.0,163.37,166.14999,331200,AXON,Axon Enterprise
2021-01-29,161.60001,168.97,160.3,164.16,356700,AXON,Axon Enterprise
2021-01-28,166.37,176.60001,162.57001,163.97,732700,AXON,Axon Enterprise
2021-01-27,171.72,176.64999,168.41,170.039993,659000,AXON,Axon Enterprise
2021-01-26,176.52,180.69,175.25,176.64999,849100,AXON,Axon Enterprise
2021-01-25,173.46001,177.71001,168.029999,174.53999,609600,AXON,Axon Enterprise
2021-01-22,161.080002,171.73,160.85001,170.25999,654200,AXON,Axon Enterprise
2021-01-21,168.029999,168.39999,161.71001,162.53999,868000,AXON,Axon Enterprise
2021-01-20,162.74001,168.48,162.41,164.56,1308000,AXON,Axon Enterprise
2021-01-19,154.83,159.85001,154.0,159.36,1234100,AXON,Axon Enterprise
2021-01-15,161.89999,166.49001,150.0,150.77,1683000,AXON,Axon Enterprise
2021-01-14,146.089996,152.0,145.41,149.64,825900,AXON,Axon Enterprise
2021-01-13,136.67,146.059998,135.25,145.25999,1174300,AXON,Axon Enterprise
2021-01-12,126.36,135.050003,126.36,135.0,1237800,AXON,Axon Enterprise
2021-01-11,125.18,127.87,123.6,124.84,549500,AXON,Axon Enterprise
2021-01-08,124.89,128.28,123.6,125.36,452200,AXON,Axon Enterprise
2021-01-07,121.82,125.050003,121.040001,124.57,432700,AXON,Axon Enterprise
2021-01-06,122.22,123.07,118.44,121.69,691900,AXON,Axon Enterprise
2021-01-05,116.41,122.54,116.010002,122.3,650400,AXON,Axon Enterprise
2021-01-04,123.010002,123.39,115.57,116.85,656800,AXON,Axon Enterprise
2020-12-31,123.88,123.88,121.3,122.53,354000,AXON,Axon Enterprise
2020-12-30,123.95,126.46,123.57,123.88,385900,AXON,Axon Enterprise
2020-12-29,126.0,126.61,120.85,123.33,601400,AXON,Axon Enterprise
2020-12-28,132.5,133.49001,125.15,125.16,336500,AXON,Axon Enterprise
2020-12-24,132.0,132.46001,129.31,130.75,187400,AXON,Axon Enterprise
2020-12-23,129.039993,134.73,129.039993,131.83,564800,AXON,Axon Enterprise
2020-12-22,127.58,131.63,126.38,128.5,940300,AXON,Axon Enterprise
2020-12-21,126.12,128.23,124.51,127.87,542400,AXON,Axon Enterprise
2020-12-18,121.7,125.8,121.55,125.34,1000400,AXON,Axon Enterprise
2020-12-17,119.81,122.81,118.53,120.75,616000,AXON,Axon Enterprise
2020-12-16,127.13,127.9,119.050003,119.94,783100,AXON,Axon Enterprise
2020-12-15,129.13,129.36,126.71,128.81,447800,AXON,Axon Enterprise
2020-12-14,124.5,129.8,124.5,127.24,918100,AXON,Axon Enterprise
2020-12-11,126.059998,127.58,122.55,123.12,475000,AXON,Axon Enterprise
2020-12-10,122.019997,126.25,121.099998,125.48,787600,AXON,Axon Enterprise
2020-12-09,125.22,128.88,121.68,123.19,401400,AXON,Axon Enterprise
2020-12-08,122.37,125.74,122.36,125.56,425900,AXON,Axon Enterprise
2020-12-07,124.99,126.0,122.45,122.79,340200,AXON,Axon Enterprise
2020-12-04,123.85,124.93,123.15,124.18,250000,AXON,Axon Enterprise
2020-12-03,123.92,126.62,123.42,123.85,312200,AXON,Axon Enterprise
2020-12-02,124.29,124.5,122.59,123.92,287400,AXON,Axon Enterprise
2020-12-01,127.029999,127.4,124.29,125.26,483900,AXON,Axon Enterprise
2020-11-30,126.89,127.39,123.36,125.69,384100,AXON,Axon Enterprise
2020-11-27,128.7,128.7,124.2,125.55,271800,AXON,Axon Enterprise
2020-11-25,127.68,128.23,125.29,127.74,432000,AXON,Axon Enterprise
2020-11-24,127.54,130.41,126.010002,127.49,405100,AXON,Axon Enterprise
2020-11-23,126.29,127.22,123.14,126.5,402800,AXON,Axon Enterprise
2020-11-20,124.19,125.45,121.81,124.81,406100,AXON,Axon Enterprise
2020-11-19,119.66,124.46,119.41,123.099998,576900,AXON,Axon Enterprise
2020-11-18,119.64,121.85,118.98,119.83,358100,AXON,Axon Enterprise
2020-11-17,118.44,119.55,116.62,119.050003,411000,AXON,Axon Enterprise
2020-11-16,122.099998,122.099998,117.7,119.33,501800,AXON,Axon Enterprise
2020-11-13,119.050003,121.2,117.36,120.98,421200,AXON,Axon Enterprise
2020-11-12,118.010002,119.59,117.0,118.15,396500,AXON,Axon Enterprise
2020-11-11,119.42,121.77,117.58,118.3,485800,AXON,Axon Enterprise
2020-11-10,123.010002,125.18,116.8,119.0,942000,AXON,Axon Enterprise
2020-11-09,126.51,128.39,121.27,124.26,943000,AXON,Axon Enterprise
2020-11-06,116.010002,127.49,116.0,122.59,1860000,AXON,Axon Enterprise
2020-11-05,106.07,110.4,105.71,108.5,581200,AXON,Axon Enterprise
2020-11-04,103.010002,107.41,103.0,105.050003,563700,AXON,Axon Enterprise
2020-11-03,97.92,101.98,97.72,101.68,391800,AXON,Axon Enterprise
2020-11-02,99.67,101.32,96.66,97.95,444300,AXON,Axon Enterprise
2020-10-30,103.010002,103.43,98.010002,98.9,447300,AXON,Axon Enterprise
2020-10-29,102.85,104.12,101.75,103.4,521400,AXON,Axon Enterprise
2020-10-28,100.0,102.8,99.089996,102.0,456200,AXON,Axon Enterprise
2020-10-27,102.21,102.56,100.6,101.050003,289200,AXON,Axon Enterprise
2020-10-26,102.0,103.32,100.51,101.93,335800,AXON,Axon Enterprise
2020-10-23,104.2,104.72,102.16,102.91,578800,AXON,Axon Enterprise
2020-10-22,104.17,105.49,102.67,103.64,512200,AXON,Axon Enterprise
2020-10-21,106.69,107.62,103.059998,103.26,617500,AXON,Axon Enterprise
2020-10-20,108.41,109.34,105.27,106.07,684900,AXON,Axon Enterprise
2020-10-19,109.78,113.0,107.43,107.62,713100,AXON,Axon Enterprise
2020-10-16,107.51,109.74,105.77,109.16,729800,AXON,Axon Enterprise
2020-10-15,100.050003,106.55,99.0,105.86,913500,AXON,Axon Enterprise
2020-10-14,102.0,103.71,100.17,101.42,359000,AXON,Axon Enterprise
2020-10-13,99.0,101.87,98.6,101.75,452200,AXON,Axon Enterprise
2020-10-12,99.72,100.12,98.13,99.18,501500,AXON,Axon Enterprise
2020-10-09,97.57,99.67,97.56,98.99,443200,AXON,Axon Enterprise
2020-10-08,96.85,97.38,95.54,97.07,378100,AXON,Axon Enterprise
2020-10-07,94.54,96.36,93.91,96.07,390000,AXON,Axon Enterprise
2020-10-06,92.2,94.47,91.46,93.22,456300,AXON,Axon Enterprise
2020-10-05,92.22,93.45,90.17,91.84,433000,AXON,Axon Enterprise
2020-10-02,93.5,94.49,90.87,91.55,474800,AXON,Axon Enterprise
2020-10-01,91.84,96.089996,91.31,95.61,886700,AXON,Axon Enterprise
2020-09-30,89.36,91.83,89.17,90.7,892600,AXON,Axon Enterprise
2020-09-29,87.92,89.15,87.099998,88.62,391400,AXON,Axon Enterprise
2020-09-28,88.089996,89.52,87.55,87.91,509300,AXON,Axon Enterprise
2020-09-25,85.25,87.38,84.58,87.2,439300,AXON,Axon Enterprise
2020-09-24,86.0,86.73,84.099998,85.39,464500,AXON,Axon Enterprise
2020-09-23,87.0,88.69,86.0,86.71,637800,AXON,Axon Enterprise
2020-09-22,84.010002,87.12,83.07,86.88,895600,AXON,Axon Enterprise
2020-09-21,81.33,83.76,80.54,83.18,534500,AXON,Axon Enterprise
2020-09-18,83.15,83.35,80.75,82.55,813700,AXON,Axon Enterprise
2020-09-17,83.0,83.24,81.65,82.83,293100,AXON,Axon Enterprise
2020-09-16,85.0,85.040001,83.4,83.73,327300,AXON,Axon Enterprise
2020-09-15,84.58,84.58,83.050003,84.4,360700,AXON,Axon Enterprise
2020-09-14,84.26,85.44,82.82,83.84,376200,AXON,Axon Enterprise
2020-09-11,84.95,85.26,83.12,83.91,553500,AXON,Axon Enterprise
2020-09-10,85.47,87.29,83.91,84.29,579100,AXON,Axon Enterprise
2020-09-09,82.25,85.58,82.2,85.24,2646400,AXON,Axon Enterprise
2020-09-08,80.5,83.14,79.72,81.35,578200,AXON,Axon Enterprise
2020-09-04,84.98,85.52,81.15,82.67,515000,AXON,Axon Enterprise
2020-09-03,87.52,87.6,83.4,84.54,532900,AXON,Axon Enterprise
2020-09-02,88.14,88.74,86.15,88.13,403100,AXON,Axon Enterprise
2020-09-01,85.2,88.65,84.78,87.43,490600,AXON,Axon Enterprise
2020-08-31,83.74,85.95,83.5,85.68,403200,AXON,Axon Enterprise
2020-08-28,85.39,85.97,83.29,83.84,464000,AXON,Axon Enterprise
2020-08-27,86.19,86.73,85.27,85.39,502500,AXON,Axon Enterprise
2020-08-26,85.010002,86.42,84.28,85.19,496400,AXON,Axon Enterprise
2020-08-25,83.26,87.51,82.86,85.23,1041300,AXON,Axon Enterprise
2020-08-24,83.66,84.14,81.68,83.25,743500,AXON,Axon Enterprise
2020-08-21,81.54,82.68,80.65,82.61,604900,AXON,Axon Enterprise
2020-08-20,80.36,82.080002,80.29,81.75,479900,AXON,Axon Enterprise
2020-08-19,79.73,82.080002,79.17,80.96,535900,AXON,Axon Enterprise
2020-08-18,79.89,80.0,78.36,79.35,404200,AXON,Axon Enterprise
2020-08-17,80.07,80.65,79.35,79.62,393200,AXON,Axon Enterprise
2020-08-14,80.87,81.83,79.13,79.58,258000,AXON,Axon Enterprise
2020-08-13,80.15,82.32,79.88,80.41,358200,AXON,Axon Enterprise
2020-08-12,79.6,80.14,78.28,79.76,921500,AXON,Axon Enterprise
2020-08-11,83.5,83.5,79.12,79.23,940400,AXON,Axon Enterprise
2020-08-10,84.24,85.15,82.95,83.14,674200,AXON,Axon Enterprise
2020-08-07,85.5,88.0,82.5,83.88,2278800,AXON,Axon Enterprise
2020-08-06,92.55,93.71,91.059998,91.67,950900,AXON,Axon Enterprise
2020-08-05,90.0,93.12,89.41,92.64,780300,AXON,Axon Enterprise
2020-08-04,88.019997,89.57,87.5,89.51,652000,AXON,Axon Enterprise
2020-08-03,83.79,88.9,83.5,88.5,644000,AXON,Axon Enterprise
2020-07-31,85.66,86.050003,82.45,83.13,680300,AXON,Axon Enterprise
2020-07-30,84.059998,85.71,83.48,84.88,493400,AXON,Axon Enterprise
2020-07-29,86.07,86.79,84.73,84.89,413200,AXON,Axon Enterprise
2020-07-28,86.040001,86.81,84.96,85.85,374500,AXON,Axon Enterprise
2020-07-27,86.14,87.4,84.97,86.44,519200,AXON,Axon Enterprise
2020-07-24,86.57,87.47,83.66,85.62,664800,AXON,Axon Enterprise
2020-07-23,88.92,89.89,86.56,87.53,660400,AXON,Axon Enterprise
2020-07-22,91.63,93.059998,88.23,89.12,836900,AXON,Axon Enterprise
2020-07-21,94.14,95.0,91.76,92.11,565300,AXON,Axon Enterprise
2020-07-20,91.0,93.4,90.76,92.24,674300,AXON,Axon Enterprise
2020-07-17,91.55,91.62,90.26,90.72,468900,AXON,Axon Enterprise
2020-07-16,92.35,92.35,90.28,91.080002,447000,AXON,Axon Enterprise
2020-07-15,94.0,94.7,91.56,92.64,438800,AXON,Axon Enterprise
2020-07-14,90.75,92.86,87.75,92.83,686600,AXON,Axon Enterprise
2020-07-13,97.17,97.17,90.28,90.77,656000,AXON,Axon Enterprise
2020-07-10,96.14,97.85,95.34,95.91,467600,AXON,Axon Enterprise
2020-07-09,97.17,98.040001,95.18,96.43,481500,AXON,Axon Enterprise
2020-07-08,96.83,99.0,96.059998,96.93,662000,AXON,Axon Enterprise
2020-07-07,99.040001,101.050003,95.61,96.059998,1091700,AXON,Axon Enterprise
2020-07-06,102.0,102.4,98.85,99.64,667900,AXON,Axon Enterprise
2020-07-02,100.23,101.84,99.4,100.34,685500,AXON,Axon Enterprise
2020-07-01,98.64,100.14,97.54,99.37,595800,AXON,Axon Enterprise
2020-06-30,95.2,100.65,95.2,98.13,1101900,AXON,Axon Enterprise
2020-06-29,97.19,97.25,92.41,95.8,761700,AXON,Axon Enterprise
2020-06-26,95.88,97.72,94.17,96.059998,7776900,AXON,Axon Enterprise
2020-06-25,92.71,95.95,91.53,95.95,1005600,AXON,Axon Enterprise
2020-06-24,94.4,97.16,91.86,93.43,1397300,AXON,Axon Enterprise
2020-06-23,93.41,97.74,92.080002,95.54,1920600,AXON,Axon Enterprise
2020-06-22,90.5,93.7,88.53,92.5,850900,AXON,Axon Enterprise
2020-06-19,92.78,93.49,88.69,90.12,2134100,AXON,Axon Enterprise
2020-06-18,94.36,96.35,91.8,91.81,1181300,AXON,Axon Enterprise
2020-06-17,93.12,96.93,93.0,94.85,2783600,AXON,Axon Enterprise
2020-06-16,100.49,100.52,91.8,93.66,2343000,AXON,Axon Enterprise
2020-06-15,91.8,100.41,91.55,100.35,1426900,AXON,Axon Enterprise
2020-06-12,97.6,97.6,91.63,94.089996,1132700,AXON,Axon Enterprise
2020-06-11,98.51,98.58,90.0,90.010002,1495800,AXON,Axon Enterprise
2020-06-10,101.54,104.9,100.28,103.25,1780800,AXON,Axon Enterprise
2020-06-09,96.75,104.76,96.099998,100.27,2296400,AXON,Axon Enterprise
2020-06-08,96.57,98.58,94.2,97.27,1273300,AXON,Axon Enterprise
2020-06-05,96.18,97.22,92.029999,92.79,850300,AXON,Axon Enterprise
2020-06-04,91.0,93.59,90.4,93.34,1070300,AXON,Axon Enterprise
2020-06-03,97.48,97.96,90.32,91.18,2102500,AXON,Axon Enterprise
2020-06-02,91.8,99.62,91.0,97.85,3639900,AXON,Axon Enterprise
2020-06-01,84.19,92.0,82.8,89.75,4979100,AXON,Axon Enterprise
2020-05-29,72.78,76.14,72.14,75.96,792700,AXON,Axon Enterprise
2020-05-28,77.080002,78.68,73.040001,73.2,657400,AXON,Axon Enterprise
2020-05-27,76.79,76.79,71.21,75.7,687900,AXON,Axon Enterprise
2020-05-26,75.75,76.79,74.79,75.8,503700,AXON,Axon Enterprise
2020-05-22,77.11,77.19,73.6,74.11,590900,AXON,Axon Enterprise
2020-05-21,76.22,77.54,72.88,76.56,677000,AXON,Axon Enterprise
2020-05-20,76.86,77.37,75.66,76.21,426800,AXON,Axon Enterprise
2020-05-19,74.39,76.22,73.69,74.73,703000,AXON,Axon Enterprise
2020-05-18,76.029999,79.0,73.62,74.86,668100,AXON,Axon Enterprise
2020-05-15,75.4,77.75,73.62,73.91,580600,AXON,Axon Enterprise
2020-05-14,78.8,79.080002,74.74,75.6,852800,AXON,Axon Enterprise
2020-05-13,84.0,84.91,79.099998,80.17,878000,AXON,Axon Enterprise
2020-05-12,84.010002,85.99,83.41,83.48,986800,AXON,Axon Enterprise
2020-05-11,86.0,89.43,84.07,84.92,1357700,AXON,Axon Enterprise
2020-05-08,77.29,86.48,76.53,86.13,3492100,AXON,Axon Enterprise
2020-05-07,67.54,71.57,67.0,70.28,786800,AXON,Axon Enterprise
2020-05-06,66.9,68.23,65.64,66.13,517600,AXON,Axon Enterprise
2020-05-05,68.089996,68.81,65.77,65.85,613300,AXON,Axon Enterprise
2020-05-04,68.14,69.0,65.5,67.0,883700,AXON,Axon Enterprise
2020-05-01,71.4,72.93,69.050003,69.52,560900,AXON,Axon Enterprise
2020-04-30,75.0,75.23,71.9,72.71,520300,AXON,Axon Enterprise
2020-04-29,77.47,77.47,73.91,75.24,747800,AXON,Axon Enterprise
2020-04-28,73.63,76.0,71.12,75.34,658500,AXON,Axon Enterprise
2020-04-27,72.5,73.91,71.67,72.15,611600,AXON,Axon Enterprise
2020-04-24,71.089996,72.2,69.35,71.84,815900,AXON,Axon Enterprise
2020-04-23,74.050003,75.25,70.6,70.75,502800,AXON,Axon Enterprise
2020-04-22,73.050003,74.019997,71.24,73.33,341500,AXON,Axon Enterprise
2020-04-21,74.75,76.41,69.65,70.6,849600,AXON,Axon Enterprise
2020-04-20,74.48,80.16,74.38,76.78,1562400,AXON,Axon Enterprise
2020-04-17,75.85,77.23,75.099998,76.72,544000,AXON,Axon Enterprise
2020-04-16,74.52,75.0,70.65,72.77,627400,AXON,Axon Enterprise
2020-04-15,73.89,75.49,72.34,74.13,463700,AXON,Axon Enterprise
2020-04-14,75.099998,77.54,74.9,76.62,418400,AXON,Axon Enterprise
2020-04-13,73.76,74.38,71.67,73.49,326300,AXON,Axon Enterprise
2020-04-09,73.74,76.25,72.6,74.7,443200,AXON,Axon Enterprise
2020-04-08,70.27,73.4,69.4,72.48,565400,AXON,Axon Enterprise
2020-04-07,70.67,71.99,68.099998,68.96,769700,AXON,Axon Enterprise
2020-04-06,64.56,68.65,63.76,68.0,773100,AXON,Axon Enterprise
2020-04-03,61.99,62.42,60.55,61.51,557700,AXON,Axon Enterprise
2020-04-02,64.99,67.29,61.23,62.64,508200,AXON,Axon Enterprise
2020-04-01,67.58,69.67,63.7,64.72,690300,AXON,Axon Enterprise
2020-03-31,69.029999,72.72,67.96,70.77,1286100,AXON,Axon Enterprise
2020-03-30,74.3,76.36,69.099998,69.46,1103100,AXON,Axon Enterprise
2020-03-27,73.080002,77.23,71.87,74.41,824600,AXON,Axon Enterprise
2020-03-26,72.64,77.86,72.31,76.52,745700,AXON,Axon Enterprise
2020-03-25,69.84,74.089996,66.59,71.15,803500,AXON,Axon Enterprise
2020-03-24,66.66,70.96,66.5,69.83,824400,AXON,Axon Enterprise
2020-03-23,60.53,65.010002,58.060001,63.41,840700,AXON,Axon Enterprise
2020-03-20,62.15,65.22,59.8,60.78,1270700,AXON,Axon Enterprise
2020-03-19,52.89,64.25,52.24,62.0099983,1219000,AXON,Axon Enterprise
2020-03-18,53.2,55.87,50.049999,52.61,935700,AXON,Axon Enterprise
2020-03-17,54.42,57.38,51.3,57.15,993400,AXON,Axon Enterprise
2020-03-16,54.32,58.65,52.76,53.92,1015200,AXON,Axon Enterprise
2020-03-13,60.33,62.79,54.7,62.43,996800,AXON,Axon Enterprise
2020-03-12,54.19,59.98,51.86,56.72,1225900,AXON,Axon Enterprise
2020-03-11,64.88,66.36,59.6,60.47,1165800,AXON,Axon Enterprise
2020-03-10,69.019997,69.019997,63.6,67.11,775800,AXON,Axon Enterprise
2020-03-09,69.17,70.52,62.66,66.11,1024400,AXON,Axon Enterprise
2020-03-06,72.46,75.64,71.55,74.44,814300,AXON,Axon Enterprise
2020-03-05,78.24,79.64,73.85,75.17,817100,AXON,Axon Enterprise
2020-03-04,79.8,81.27,78.28,80.66,760600,AXON,Axon Enterprise
2020-03-03,82.7,83.48,77.27,78.099998,940800,AXON,Axon Enterprise
2020-03-02,77.93,82.68,75.75,82.34,1405300,AXON,Axon Enterprise
2020-02-28,72.0,78.11,71.0,77.37,1852300,AXON,Axon Enterprise
2020-02-27,77.9,80.82,74.21,77.12,1039000,AXON,Axon Enterprise
2020-02-26,79.6,82.86,79.49,80.4,675400,AXON,Axon Enterprise
2020-02-25,82.82,84.22,79.14,79.51,765900,AXON,Axon Enterprise
2020-02-24,79.74,84.81,77.95,82.41,945300,AXON,Axon Enterprise
2020-02-21,86.74,87.089996,84.61,85.99,469000,AXON,Axon Enterprise
2020-02-20,86.15,87.89,82.33,86.46,886700,AXON,Axon Enterprise
2020-02-19,87.88,90.099998,87.46,88.9,549500,AXON,Axon Enterprise
2020-02-18,87.22,87.73,86.12,87.31,446800,AXON,Axon Enterprise
2020-02-14,87.86,88.44,86.7,87.11,592100,AXON,Axon Enterprise
2020-02-13,87.53,89.16,87.23,87.74,547700,AXON,Axon Enterprise
2020-02-12,87.77,88.23,86.44,87.98,642500,AXON,Axon Enterprise
2020-02-11,86.040001,87.51,84.89,87.14,531900,AXON,Axon Enterprise
2020-02-10,82.88,85.73,82.78,85.44,648400,AXON,Axon Enterprise
2020-02-07,83.36,83.85,81.67,82.85,309500,AXON,Axon Enterprise
2020-02-06,82.22,83.9,81.25,83.53,494700,AXON,Axon Enterprise
2020-02-05,83.23,83.63,79.77,81.81,614300,AXON,Axon Enterprise
2020-02-04,78.99,82.49,78.69,81.79,717200,AXON,Axon Enterprise
2020-02-03,77.37,78.29,76.5,77.59,511300,AXON,Axon Enterprise
2020-01-31,78.16,78.61,76.38,76.81,537700,AXON,Axon Enterprise
2020-01-30,79.2,80.040001,77.14,78.34,332100,AXON,Axon Enterprise
2020-01-29,79.77,80.79,78.75,79.91,446200,AXON,Axon Enterprise
2020-01-28,78.31,80.14,77.79,78.97,512700,AXON,Axon Enterprise
2020-01-27,78.59,79.46,77.82,77.91,966500,AXON,Axon Enterprise
2020-01-24,79.19,80.84,77.29,80.55,1104800,AXON,Axon Enterprise
2020-01-23,79.07,80.66,78.58,78.64,748800,AXON,Axon Enterprise
2020-01-22,75.6,79.45,75.6,79.080002,1681400,AXON,Axon Enterprise
2020-01-21,73.25,75.44,73.25,75.26,509100,AXON,Axon Enterprise
2020-01-17,75.53,75.85,73.55,73.6,346700,AXON,Axon Enterprise
2020-01-16,73.12,75.31,73.12,75.22,522500,AXON,Axon Enterprise
2020-01-15,71.54,72.97,71.54,72.7,389800,AXON,Axon Enterprise
2020-01-14,70.67,71.85,69.47,71.36,1030500,AXON,Axon Enterprise
2020-01-13,69.83,70.9,69.5,70.77,426800,AXON,Axon Enterprise
2020-01-10,70.22,70.85,69.21,69.51,574800,AXON,Axon Enterprise
2020-01-09,70.089996,71.0,69.94,70.19,549600,AXON,Axon Enterprise
2020-01-08,69.95,71.63,69.51,69.61,911200,AXON,Axon Enterprise
2020-01-07,68.82,70.73,68.32,69.77,766300,AXON,Axon Enterprise
2020-01-06,74.12,74.49,68.089996,68.75,1727000,AXON,Axon Enterprise
2020-01-03,72.3,75.57,68.68,73.93,2187900,AXON,Axon Enterprise
2020-01-02,74.019997,76.62,73.34,76.56,849400,AXON,Axon Enterprise
